czone,china_exposure,working_age_25_64_cz,pop2000_cz,gpt_exposure,china_above_average_mass,gpt_above_average_mass,china_exposure_z,gpt_exposure_z,china_pctile,gpt_pctile,adult25p_1990,hs_less_1990,ba_plus_1990,hs_less_share_1990,ba_share_1990,adult25p_2024,hs_less_2024,ba_plus_2024,hs_less_share_2024,ba_share_2024
100,0.0413072839257096,316147.0,576081,0.341960402914004,6441.9583044858355,0.0,1.0445402120389542,0.8879719977118924,0.8945908460471568,0.8224687933425797,352383,241597,45958,0.6856091241631974,0.13042059350195667,452727,208382,112103,0.4602818033826125,0.24761721744009083
200,0.055399415920727,145208.0,227816,0.2974559063794035,5005.116043535908,0.0,1.7451384441981708,-1.3063746581990525,0.9528432732316228,0.08044382801664356,119103,86962,11522,0.7301411383424431,0.0967397966466,202575,102951,39042,0.5082117734172529,0.1927286190299889
301,0.0650939965973331,32392.0,66708,0.3257402267999953,1430.5336536116415,0.0,2.227109950422822,0.0882170968472213,0.9653259361997226,0.5603328710124826,40607,32376,3377,0.7973009579629128,0.08316300145295147,44888,25426,7406,0.5664320085546248,0.16498841561219035
302,0.0173751034972576,462952.0,727600,0.3440573008690584,0.0,0.0,-0.1452615373214105,0.9913620228497524,0.5409153952843273,0.8460471567267683,417702,250780,77594,0.6003801753403144,0.18576401357905875,633736,245526,210359,0.3874263100092152,0.33193474885441254
401,0.0433976384739716,296681.0,493180,0.3404691830101329,6665.478513042955,0.0,1.148463358771907,0.8144456427571005,0.9098474341192788,0.8002773925104022,282311,166502,52477,0.5897821905628898,0.18588365313430932,405655,151634,130951,0.37380039688898203,0.32281372101909256
402,0.0803980859847857,39479.0,92753,0.3251017705915546,2347.7082392386146,0.0,2.987961322908329,0.056737260987304215,0.9764216366158114,0.5450762829403606,61406,44857,5191,0.730498648340553,0.08453571312249618,59032,29614,9670,0.5016601165469576,0.1638094592763247
500,0.0532307168285136,638670.0,1055133,0.329390371117873,20628.975842332165,0.0,1.637320354598441,0.26819176460467,0.9459084604715673,0.6463245492371706,596914,372046,94504,0.6232824158924066,0.15832096415899108,864224,346371,248091,0.40078845299366833,0.2870679360906432
601,0.0778114956496038,46007.0,90016,0.3262905636680594,2616.9092975478175,0.0,2.8593675361917916,0.11535210476989465,0.9736477115117892,0.5742024965325936,55021,40543,4730,0.7368641064320895,0.08596717616909907,68460,32560,13426,0.47560619339760446,0.19611451942740285
602,0.1147363262782278,30523.0,64676,0.3207425482222989,2863.225503250669,0.0,4.695106164693087,-0.1581993358330075,0.9944521497919556,0.4576976421636616,40958,31760,2800,0.7754284877191269,0.06836271302309684,46977,23963,8450,0.5101006875705132,0.17987525810503013
700,0.0263938186684237,230751.0,354533,0.3148243517736853,1260.59267124376,0.0,0.3031089368907616,-0.4500029870875006,0.7350901525658807,0.3273231622746186,205041,137819,27069,0.6721533742032081,0.13201749893923653,309654,140756,74816,0.45455895935463453,0.2416116052109774
800,0.0374601968752146,257030.0,413331,0.3108883464200835,4248.54603397983,0.0,0.8532801253826284,-0.6440723701353179,0.8585298196948682,0.2302357836338419,237269,160038,25394,0.6745002507702228,0.10702620232731626,347313,144259,87686,0.4153573289799115,0.2524696743283436
900,0.0221335612184824,1247176.0,1423942,0.3644632058254213,1500.0314169255273,22819.765285177713,0.09130785249648207,1.997499217706427,0.6629680998613038,0.9694868238557559,705931,384386,140273,0.5445093075668869,0.19870638915134764,1568514,482013,653977,0.30730551337125456,0.41694049272113604
1001,0.0343967733255965,40653.0,77361,0.3327863496890215,547.4314473215601,0.0,0.7009803084368176,0.4356344906526167,0.826629680998613,0.7073509015256588,38687,24283,7087,0.6276785483495748,0.1831881510584951,58541,22371,20781,0.3821424300917306,0.35498197844245916
1002,0.084616441697527,86017.0,164760,0.3139551218207718,5478.046220528913,0.0,3.1976792389773965,-0.49286139441518356,0.9819694868238558,0.29958391123439665,94715,66865,9233,0.7059599852188143,0.09748191944253815,123425,57264,25915,0.46395786915130643,0.20996556613327932
1100,0.1001124472977319,248471.0,375363,0.3153455244373217,19674.33840219002,0.0,3.968071833431623,-0.4243059546378989,0.9875173370319001,0.34119278779472956,203666,136859,23810,0.671977649681341,0.11690709298557442,337014,138104,92196,0.4097871305049642,0.27356727020242483
1201,0.0201776782181984,26109.0,44861,0.3232342227613251,0.0,0.0,-0.0059299659396303255,-0.035344385927447916,0.6116504854368932,0.5048543689320388,25167,16910,3189,0.6719116303095323,0.12671355346286803,42180,16752,12225,0.39715504978662874,0.2898293029871977
1202,0.0552582406008999,30500.0,54082,0.3135753505335179,1046.9863634213048,0.0,1.7381198341304853,-0.5115864653425359,0.9500693481276006,0.29403606102635227,28339,18447,4392,0.6509404001552631,0.1549807685521719,44198,19131,11979,0.43284764016471333,0.27103036336485814
1203,0.0281810549955044,261932.0,398505,0.3237188686441317,1899.0688542262103,0.0,0.391962391545188,-0.011448349458169332,0.7642163661581137,0.5173370319001387,231083,133543,41207,0.5779005811764604,0.1783212092624728,383210,122045,156066,0.3184807285822395,0.4072597270426137
1204,0.0689255539973784,36104.0,59681,0.3229050552052043,1732.8019177832728,0.0,2.4175979718121634,-0.05157438024827897,0.9680998613037448,0.49514563106796117,31915,23224,3125,0.727682907723641,0.09791634027886574,62969,25125,17153,0.3990058600263622,0.27240388127491305
1301,0.0487611544102599,36156.0,71586,0.3071898225786412,1006.2336125391122,0.0,1.415113556517002,-0.8264324473236105,0.9334257975034674,0.1650485436893204,41974,32705,3268,0.7791728212703102,0.07785772144660981,49447,30420,5858,0.61520415798734,0.11847028131130301
1302,0.0270716863098366,357821.0,548986,0.3098291961717704,2197.331335567431,0.0,0.33680950621410677,-0.6962950214731704,0.753120665742025,0.20388349514563106,290537,191643,40173,0.6596165032336673,0.13827154544860035,534014,228717,134836,0.42829775998382064,0.2524952529334437
1400,0.0416487144406857,353034.0,644101,0.330449755899948,7314.121552180415,0.0,1.0615146212541136,0.32042597990608157,0.9015256588072122,0.6754507628294036,330581,197786,47338,0.5982981478064378,0.14319637244729733,466969,182072,120957,0.389901685122567,0.2590257597399399
1500,0.0176107713961157,264939.0,361559,0.3334108413381326,0.0,0.0,-0.133545175781862,0.46642578745575813,0.5478502080443828,0.7212205270457698,182332,111429,26820,0.6111324397253362,0.14709431147576948,390596,124548,140770,0.31886655265286895,0.3603979559442493
1600,0.0456315556912794,111353.0,216840,0.3164984519543223,2750.501149555834,0.0,1.259523803975603,-0.3674595045388394,0.9223300970873787,0.361997226074896,127040,87658,15725,0.6900031486146095,0.12377991183879093,155463,75679,32591,0.48679750165634267,0.20963830622077279
1701,0.0391305680341084,1267363.0,1412127,0.3747392107135616,23065.68872600278,36212.55821806636,0.9363235627691437,2.5041697503094444,0.869625520110957,0.9889042995839112,660696,313209,185013,0.4740591739620037,0.28002742562388755,1606416,418937,782397,0.2607898576707403,0.48704507425224847
1702,0.0297447327895881,29391.0,62926,0.3355076905227713,259.0497446166062,0.0,0.46970150856374876,0.5698134079107895,0.7794729542302358,0.7475728155339806,35969,26835,3142,0.7460591064527787,0.08735299841530207,42766,22197,7596,0.5190338119066549,0.1776177337136978
1800,0.0368500218175138,111478.0,222553,0.2935281609581562,1774.6409084814302,0.0,0.82294493075885,-1.5000367755467396,0.8529819694868238,0.056865464632454926,122366,80962,12589,0.6616380367095435,0.10287988493535787,152348,70491,29559,0.4626972457793998,0.19402289495103317
1900,0.0185614949406393,306219.0,536909,0.3350971883110769,0.0,0.0,-0.08627942246640309,0.5495731125335489,0.5728155339805825,0.7434119278779473,281152,161061,43187,0.5728609435465514,0.15360730138857273,414580,151881,115582,0.3663490761734768,0.2787929953205654
2000,0.0079900094078825,665517.0,1119468,0.3441213458773834,0.0,0.0,-0.6118467445837972,0.994519837470496,0.30097087378640774,0.8474341192787794,624748,328244,117415,0.5254022421840486,0.1879397773182147,860103,276526,304976,0.32150335483075865,0.3545807885799724
2100,0.0334975554384788,60233.0,124216,0.3198638132475718,756.9322449710854,0.0,0.6562751877167339,-0.20152639946410186,0.8169209431345353,0.43828016643550627,74773,49267,9181,0.6588875663675391,0.12278496248645901,91727,36649,24144,0.3995442999334983,0.26321584702432216
2200,0.0553930052245217,72969.0,158234,0.3369470869864249,2514.67127760759,0.0,1.7448197328470472,0.6407845470650697,0.9514563106796117,0.7656033287101248,89925,67602,7777,0.7517597998331943,0.08648318042813456,107747,55054,20802,0.5109562215189286,0.19306337995489434
2300,0.042087039613222,126220.0,228616,0.3329523270320513,2670.338184811922,0.0,1.0833062026201123,0.4438181991763451,0.9029126213592233,0.7115117891816921,134195,84553,21096,0.6300756362010507,0.15720406870598755,178570,70908,55520,0.3970879767038136,0.31091448731589855
2400,0.0174347773800374,712957.0,1040192,0.3594706671995179,0.0,9485.615203643252,-0.14229481682827388,1.7513362164074473,0.5423023578363384,0.9542302357836339,589806,307462,137020,0.5212934422505027,0.23231367602228528,937280,300023,385316,0.320099650051212,0.411100204848071
2500,0.0070344465854895,316839.0,570854,0.3446254714185104,0.0,0.0,-0.6593530853079907,1.0193763414525436,0.27184466019417475,0.8515950069348127,316582,162214,63232,0.5123917342110417,0.19973340240443235,435464,148156,151513,0.3402255984421215,0.3479346168684438
2600,0.0291308221741279,58620.0,139055,0.3263134589641056,480.684194896622,0.0,0.43918059859446484,0.11648098432650104,0.7766990291262136,0.5755894590846047,85052,63928,7540,0.7516342943140667,0.08865164840332973,85867,45935,14385,0.5349552214471217,0.16752652357716002
2700,0.009591641529084,264789.0,458674,0.3199396738440923,0.0,0.0,-0.5322207069423721,-0.19778600334119076,0.3550624133148405,0.44244105409153955,236107,138876,33925,0.5881909473247299,0.14368485474805914,355656,145791,87862,0.4099213847088198,0.24704208561081495
2800,0.0372991065631573,55604.0,120505,0.3104868327009151,910.1422700367781,0.0,0.8452714303260374,-0.6638694772944694,0.8571428571428571,0.22330097087378642,70068,48111,7497,0.6866329851001884,0.10699606096934407,77400,37689,13955,0.486937984496124,0.180297157622739
2900,0.0162692911222901,90993.0,157181,0.3409432793633212,0.0,0.0,-0.2002376186748876,0.8378215222345705,0.49930651872399445,0.8072122052704577,81285,49719,13492,0.6116626683890016,0.16598388386541182,119971,46797,33971,0.390069266739462,0.28316009702344735
3001,0.0575134356620674,15976.0,41270,0.3473366787160309,584.4438861994666,18.70185768077836,1.8502381192548931,1.1530556127632547,0.955617198335645,0.8779472954230236,23364,17414,2309,0.7453347029618216,0.09882725560691663,22103,11454,3761,0.518210197710718,0.17015789711803828
3002,0.0340630254649522,16823.0,39355,0.3418491103472179,220.92311189374243,0.0,0.6843878466831956,0.8824845865339013,0.8224687933425797,0.8196948682385575,21581,15447,2477,0.7157685000695055,0.11477688707659515,22001,12249,3577,0.5567474205717922,0.16258351893095768
3003,0.013002943694071,300271.0,546560,0.3395094167333431,0.0,0.0,-0.3626259098601547,0.7671232352719964,0.42579750346740636,0.79750346740638,297570,155894,65597,0.5238901771011862,0.22044224888261585,398120,139814,130568,0.35118557218928964,0.32796141866773837
3101,0.0261312321071233,47274.0,103602,0.3207344190653467,245.84433634647624,0.0,0.29005429897643653,-0.15860015349779244,0.7267683772538142,0.4563106796116505,60115,43172,6234,0.7181568660068203,0.10370123929135823,66877,35533,9004,0.5313186895345186,0.13463522586240412
3102,0.0158814911141909,23539.0,46424,0.3412857798556726,0.0,0.0,-0.21951731320242196,0.8547089126908325,0.4909847434119279,0.812760055478502,26659,18355,2912,0.6885104467534416,0.10923140402865823,32044,16060,5698,0.5011858694295344,0.17781800024965672
3201,0.0099985307944709,12019.0,25202,0.3121781884687953,0.0,0.0,-0.5119919793009182,-0.580475187678854,0.3633841886269071,0.26629680998613037,15488,12225,1280,0.78932076446281,0.08264462809917356,16138,10009,2286,0.6202131614822158,0.14165324079811625
3202,0.0137815765855529,27907.0,69653,0.3244978315948759,0.0,0.0,-0.32391573971229376,0.026959336936285945,0.44105409153952846,0.5353675450762829,44505,30518,5351,0.6857207055387036,0.120233681608808,40490,20989,7665,0.5183749073845394,0.18930600148184737
3203,0.0212216833253906,32824.0,84943,0.3529727632598675,9.547335560516045,223.42333684567666,0.04597333249120058,1.4309494040475554,0.6407766990291263,0.9195561719833565,46464,28678,7595,0.6172090220385675,0.16345988292011018,45738,20583,10947,0.45001967729240455,0.2393414666141939
3300,0.0052994694898577,676184.0,1381652,0.3415868373424027,0.0,0.0,-0.7456084430115765,0.8695529069090241,0.22468793342579751,0.8155339805825242,821685,475627,156007,0.5788434740807,0.18986229516177125,906536,342399,304704,0.3777003891737339,0.3361190289188736
3400,0.0073765245779626,138328.0,271365,0.3116009617201125,0.0,0.0,-0.6423464863865526,-0.6089360328586156,0.2843273231622746,0.2510402219140083,152074,116896,13904,0.7686784065652248,0.09142917263963597,184019,107948,33632,0.5866133388400111,0.18276373635331133
3500,0.0095022595107646,495370.0,806561,0.3389799266578506,0.0,0.0,-0.5366643840271124,0.7410161030276909,0.3509015256588072,0.7919556171983356,418230,249894,80877,0.5975037658704541,0.19337924108743992,645277,276625,190161,0.42869186411417115,0.29469669614754596
3600,0.005161255814453,95233.0,186516,0.3277631614956949,0.0,0.0,-0.7524798132686106,0.18796027630737874,0.217753120665742,0.6061026352288488,114730,78617,14461,0.6852348993288591,0.1260437549028153,127303,67221,25137,0.5280394020565109,0.19745803319638972
3700,0.006023937525745,177492.0,335960,0.3198657746217089,0.0,0.0,-0.7095911089858974,-0.20142969160054025,0.24410540915395285,0.43966712898751736,188498,126562,23346,0.6714235694808433,0.12385277297371855,233201,113961,50201,0.48868143790120966,0.21526923126401687
3800,0.0223508403314481,303131.0,548154,0.3276486202666389,430.45253188026817,0.0,0.1021100052497145,0.18231268600720316,0.665742024965326,0.6033287101248266,291960,205075,38763,0.7024078640909713,0.13276818742293464,397809,203224,94460,0.5108582259325455,0.2374506358579117
3901,0.0106983669218619,125182.0,253878,0.335598074508079,0.0,0.0,-0.4771992343972624,0.5742698968355355,0.37586685159500693,0.7503467406380028,147001,96534,22338,0.6566894102761206,0.1519581499445582,169087,81469,39754,0.48181705275982184,0.2351097364078847
3902,0.0208776804685377,8371.0,21735,0.2783781995696853,0.0,0.0,0.02887103785941058,-2.2470234779830873,0.6296809986130375,0.015256588072122053,12780,9988,1196,0.7815336463223788,0.09358372456964006,11507,7013,1605,0.6094551142782654,0.13948031632919092
4001,0.0434892490511478,12982.0,34162,0.3053025551287483,292.85354087932745,0.0,1.1530178299079585,-0.9194863933279719,0.9112343966712899,0.13730929264909847,22200,15647,2523,0.7048198198198198,0.11364864864864865,18471,10018,3470,0.5423637052677169,0.18786205403064263
4002,0.016607484101609,244132.0,499101,0.3276434523126291,0.0,0.0,-0.18342416535758577,0.18205787394365217,0.5159500693481276,0.6019417475728155,295876,181336,46262,0.6128783679649583,0.15635604104422124,333584,151313,80493,0.4535978943834237,0.24129754424672648
4003,0.0153144986286861,34280.0,74800,0.3172552163313607,0.0,0.0,-0.2477056620720376,-0.3301463449848214,0.478502080443828,0.37586685159500693,40487,25377,7203,0.6267937856595944,0.17790895843110135,46692,22765,12518,0.4875567549044804,0.26809731859847513
4004,0.0286513027603998,10437.0,23459,0.3491068185811456,80.57869057929585,30.692731983912488,0.4153410224634213,1.2403344451502074,0.7697642163661581,0.8890429958391124,14297,11140,1193,0.7791844442890117,0.08344407917744981,15144,9196,2064,0.6072371896460644,0.13629160063391443
4101,0.0170101190245577,8868.0,24209,0.2949185646934002,0.0,0.0,-0.1634069447324058,-1.4314812806109247,0.5325936199722607,0.06241331484049931,15222,11533,1422,0.7576533963999474,0.09341742215214821,12831,8071,1641,0.6290234588106929,0.12789338321253216
4102,0.0179084554314459,66739.0,168122,0.3453394655763855,0.0,0.0,-0.11874564729546265,1.0545806649405105,0.5575589459084604,0.855755894590846,103165,74065,12459,0.7179275917219987,0.12076770222459167,91673,51305,17172,0.5596522422087201,0.18731796712227156
4103,0.0188343649467253,34701.0,89373,0.3142631258820815,0.0,0.0,-0.07271353733697623,-0.47767489114991263,0.5811373092926491,0.3079056865464632,60347,41762,7104,0.6920310868808723,0.11771919068056406,49416,25555,8669,0.5171401975068803,0.17542901084668933
4200,0.0180385990787807,396947.0,630854,0.3496471092256654,0.0,1381.7933656678617,-0.11227548300224205,1.266974112180261,0.5617198335644937,0.8959778085991679,349758,194835,68319,0.5570565934160191,0.1953322011219186,525286,192245,174946,0.3659815795585643,0.3330490437590189
4301,0.0407605191786235,15072.0,40542,0.3143029890076588,298.87324336233235,0.0,1.0173574965101084,-0.47570939275950397,0.8862690707350902,0.31345353675450766,27389,20865,2492,0.7618021833582825,0.0909854321077805,21842,12416,3194,0.5684461129933156,0.1462320300338797
4302,0.0319901499330119,49924.0,94324,0.3210981983110174,552.1260450191538,0.0,0.5813336790329816,-0.14066358902937737,0.8016643550624133,0.46740638002773927,52328,39150,4963,0.7481654181317842,0.09484406054120165,67617,36687,12918,0.5425706553085763,0.1910466302852833
4401,0.0087685333159051,76752.0,144931,0.3607125812366929,0.0,1116.4748529345472,-0.573141992609634,1.812570251765764,0.3300970873786408,0.957004160887656,77984,61309,6894,0.7861740869922035,0.08840274928190398,101698,59469,17509,0.5847607622568782,0.17216661094613464
4402,0.032800512349381,68403.0,116256,0.3232874731817726,811.9226444804518,0.0,0.6216213002756154,-0.032718811184814664,0.8099861303744799,0.507628294036061,58017,41841,7574,0.7211851698640054,0.13054794284433874,90836,42541,24321,0.4683275353384121,0.2677462679994716
4501,0.0074381597173021,24383.0,49887,0.3569198578977507,0.0,262.20993514300784,-0.6392822609254649,1.6255655573270174,0.2871012482662968,0.9403606102635229,28673,23327,2188,0.8135528197258746,0.07630872249154257,32848,20577,4508,0.6264308329274233,0.13723818801753532
4502,0.0002356628785356,49945.0,117919,0.3367791991241883,0.0,0.0,-0.9973584238620813,0.6325066381400584,0.03744798890429958,0.7642163661581137,76180,61755,5186,0.8106458388028354,0.06807561039642951,69033,38259,9761,0.5542132023814698,0.14139614387322005
4601,0.0859213487445051,43937.0,83451,0.3129487385320421,2855.4889120020366,0.0,3.262553423420759,-0.542482308618129,0.984743411927878,0.2884882108183079,49761,39473,3809,0.7932517433331324,0.07654588935109825,62103,33801,11587,0.5442732235157722,0.18657713798045183
4602,0.0415429468543822,68850.0,123981,0.3234398977373138,1419.1450131442841,0.0,1.0562563264829476,-0.025203338821914795,0.897364771151179,0.5104022191400832,69741,56567,5143,0.8111010739737027,0.07374428241636914,94425,53460,14553,0.5661636219221604,0.15412231930103257
4701,0.0328117371362135,32933.0,84168,0.3348404626075065,391.2742819402315,0.0,0.6221793468376255,0.5369149491347545,0.811373092926491,0.7406380027739251,47686,33449,6049,0.7014427714633226,0.12685064798892756,45609,21182,9621,0.46442588085684844,0.21094520818259554
4702,0.0463753723092698,66776.0,141711,0.3348300787925015,1699.0855018374875,0.0,1.2965030635935924,0.5364029628972711,0.926490984743412,0.739251040221914,73367,49161,10828,0.6700696498425722,0.14758678970109176,89788,37947,25200,0.4226288590903016,0.28066111284358713
4800,0.0169382447667529,50018.0,146833,0.334741875956456,0.0,0.0,-0.16698021370076374,0.5320540181076628,0.5298196948682385,0.7350901525658807,82801,56088,11513,0.6773831233922296,0.13904421444185458,67376,32963,14820,0.4892394918071717,0.21995962954167655
4901,0.0386884633432418,103669.0,198166,0.326525848350476,1840.9172470339824,0.0,0.9143440805332442,0.1269530933496996,0.8682385575589459,0.5825242718446602,111478,77439,12967,0.6946572417876173,0.11631891494285868,141033,69692,31271,0.4941538505172548,0.22172824799869534
4902,0.039679350461415,44084.0,92131,0.336100957180682,826.5102675848758,0.0,0.9636065883998279,0.5990651197201277,0.8723994452149791,0.7558945908460472,54039,40972,4282,0.7581931567941672,0.07923906808046041,59432,35532,9572,0.5978597388612196,0.16105801588369903
4903,0.1140392989257925,24469.0,44884,0.3307092646135035,2278.2713989896956,0.0,4.660453059608955,0.33322136289232523,0.9930651872399445,0.6823855755894591,26019,20476,1637,0.7869633729197894,0.06291556170490795,34256,20500,5210,0.5984353106025222,0.1520901447921532
5000,0.1094950358018999,101126.0,197774,0.3150008519537849,8956.145003540354,0.0,4.43453247412259,-0.4413004376795283,0.9902912621359223,0.3314840499306519,110201,76859,11806,0.6974437618533407,0.10713151423308319,136082,65363,28575,0.48032068899634045,0.20998368630678563
5100,0.1068786195989948,65369.0,129508,0.3283549636130204,5618.321787201458,0.0,4.304455877693025,0.21713977721701447,0.9889042995839112,0.6185852981969486,76920,58836,5662,0.7648985959438378,0.0736089443577743,92024,49505,15480,0.5379574893506042,0.16821698687298967
5201,0.1232343905868389,28284.0,54214,0.3084704479813878,2893.554223022239,0.0,5.117592189766748,-0.7632897024594635,0.9972260748959778,0.18585298196948682,31113,23442,2889,0.7534471121396201,0.09285507665606017,38276,19302,6794,0.5042846692444352,0.17750026126031979
5202,0.0186201660136889,661388.0,1154338,0.3304244403155699,0.0,0.0,-0.08336255722046527,0.3191777651806462,0.5755894590846047,0.6740638002773925,622185,345425,115866,0.5551805331211778,0.18622435449263483,855337,332918,270562,0.3892243641979711,0.31632210462075183
5300,0.0376132816756795,54621.0,138746,0.3261446892865692,911.2128020352118,0.0,0.8608908219482064,0.1081595964588013,0.8599167822468793,0.5700416088765603,81478,60308,7275,0.7401752620339233,0.08928790593779916,73880,40891,11492,0.5534786139685978,0.15554953979426098
5401,0.0269157891499709,109947.0,164944,0.3244308710309533,658.0295296388803,0.0,0.32905899162630914,0.023657767410447384,0.7517337031900139,0.5339805825242718,87780,60497,11807,0.6891888812941445,0.1345067213488266,143622,64592,37388,0.4497361128517915,0.26032223475512106
5402,0.031133531245912,50348.0,92394,0.3108453120773354,513.6861637405074,0.0,0.5387464013925981,-0.6461942291260204,0.79750346740638,0.2288488210818308,55170,45192,3857,0.8191408374116368,0.06991118361428313,69308,40293,10968,0.5813614589946327,0.15825012985513937
5500,0.0515489858890507,110655.0,159374,0.321350549734454,3388.0532737745725,0.0,1.5537121593607186,-0.12822110466823058,0.941747572815534,0.47434119278779474,83485,60448,7976,0.7240582140504283,0.09553812062047075,148853,69501,34541,0.4669103074845653,0.2320477249366825
5600,0.0212136414387124,1023595.0,1246338,0.357606250603943,289.4957883259552,11710.12530170231,0.04557352559243156,1.6594089587079037,0.6380027739251041,0.9459084604715673,640481,355844,135059,0.5555886903748901,0.21087120461028508,1283500,414268,547305,0.32276431632255553,0.42641604986365406
5700,0.0444579501202757,81255.0,130610,0.3285087073915592,1911.6970514164918,0.0,1.201177345924535,0.22472029542468322,0.9181692094313454,0.624133148404993,71715,49286,9420,0.6872481349787353,0.13135327337377117,110261,56365,23014,0.5111961618341934,0.2087229392078795
5800,0.0752949893764454,76859.0,138212,0.3225868809295417,4178.375782539588,0.0,2.7342580178580347,-0.06726233791912511,0.9722607489597781,0.492371705963939,80233,61907,6712,0.7715902434160508,0.08365635087806762,107682,56822,20324,0.5276833639791237,0.1887409223454245
5900,0.0416130724601407,180398.0,252059,0.3283469154316418,3731.0371868737006,0.0,1.059742660235773,0.216742952148325,0.8987517337031901,0.6171983356449375,122283,75946,15712,0.6210675236950353,0.12848883328017796,222939,85233,60014,0.38231534186481503,0.26919471245497645
6000,0.04243974234863,374049.0,519583,0.3765672819617315,8045.391325970327,11371.5479161825,1.1008410165852338,2.594304957817519,0.9056865464632455,0.9930651872399445,290541,157936,63786,0.5435928147834557,0.21954216444494926,491042,170268,181696,0.3467483433189014,0.37002130164018554
6100,0.0409312569607186,163552.0,304068,0.2916393894449406,3271.111653985372,0.0,1.025845820941139,-1.5931648811659598,0.8904299583911235,0.04576976421636616,178681,125625,17039,0.7030685971088141,0.0953598871732305,224772,113491,40147,0.5049160927517662,0.17861210471055114
6200,0.0369632757141113,122854.0,230941,0.3198635598454281,1969.65145565949,0.0,0.8285754116377833,-0.20153889375546463,0.8543689320388349,0.4368932038834951,135559,95461,15622,0.7042025981307032,0.11524133403167625,170931,83279,38182,0.4872082887246901,0.22337668415910514
6301,0.0785559395445676,49850.0,84309,0.3114821733079755,2872.612266655017,0.0,2.896377981235719,-0.6147930355264489,0.9750346740638003,0.24549237170596394,47693,38159,3704,0.8000964502128195,0.07766338875725998,68859,40366,10897,0.5862124050596146,0.15825091854369072
6302,0.0484704303589213,60078.0,98362,0.3269521614477086,1654.5247802701197,0.0,1.4006600475315618,0.14797296307356322,0.9320388349514563,0.5894590846047156,52523,38620,6813,0.7352969175408869,0.12971460122232165,82659,40795,20422,0.4935336744940055,0.2470632357033112
6401,0.0223666000219754,305640.0,490863,0.340424791723767,438.8321575915375,0.0,0.10289350708795364,0.8122568780619897,0.6671289875173371,0.7988904299583911,290799,180916,44913,0.6221341889071146,0.15444688599341813,417070,157779,131159,0.3783034023065672,0.3144771860838708
6402,0.0707391911676995,63962.0,104194,0.3206631883840365,3185.8431102242425,0.0,2.507763959169823,-0.16211226619431046,0.970873786407767,0.4521497919556172,54907,42137,4699,0.7674249184985521,0.08558107345147249,98926,54591,17326,0.5518367264419869,0.17514101449568364
6501,0.0219006570056246,27725.0,43254,0.3062249695676589,26.888762881834243,0.0,0.0797288891537954,-0.8740056622334476,0.6560332871012483,0.14840499306518723,19740,15342,1609,0.7772036474164133,0.0815096251266464,44456,20571,10911,0.46272719093035813,0.24543368724131726
6502,0.0833022762594679,124970.0,203077,0.3103206553818418,7794.561032538471,0.0,3.132344768437773,-0.6720630458727201,0.9791955617198336,0.21497919556171982,108349,76788,10859,0.708709817349491,0.1002224293717524,172553,83553,35284,0.48421644364340233,0.20448210115153026
6600,0.0325597637414233,263757.0,418304,0.3180884641719834,3067.215617890216,0.0,0.6096523484385483,-0.28906207811318463,0.8072122052704577,0.39667128987517336,218774,160646,21807,0.7343011509594376,0.09967820673388977,345602,178273,71238,0.5158332417057772,0.20612727935602224
6700,0.0142300668636043,1735413.0,2395997,0.3592899985704186,0.0,22775.459371477817,-0.3016187944342831,1.7424281367084917,0.4521497919556172,0.9528432732316228,1472028,829918,254557,0.5637922648210496,0.17292945514623362,2407628,869359,841216,0.3610852673253509,0.34939616917563676
6800,0.0084271888170296,450840.0,598228,0.3230210688635758,0.0,0.0,-0.5901121254861926,-0.04585419008525663,0.31900138696255204,0.49930651872399445,335026,220186,41555,0.6572206336224651,0.12403514951078423,647222,296960,147451,0.45882247513218033,0.22782136577557624
6900,0.0097137988433476,505121.0,763795,0.3188047299237259,0.0,0.0,-0.5261475876692446,-0.25374575101222036,0.3578363384188627,0.4147018030513176,477350,268941,84836,0.5634042107468314,0.1777228448727349,889967,314509,314702,0.3533940022495216,0.3536108642230555
7000,0.0143834517865501,2609244.0,3955969,0.3525592555343559,0.0,16681.415756948936,-0.29399317711153167,1.4105609182691754,0.4576976421636616,0.9153952843273232,957414,521729,180700,0.5449356286830984,0.18873757851880169,3447798,1377616,1221410,0.39956401158072485,0.35425799307268
7100,0.0158613916343147,1048808.0,1533306,0.3384372091194127,0.0,0.0,-0.220516570097941,0.7142567751325987,0.4895977808599168,0.7836338418862691,852468,457848,172808,0.5370852630245359,0.20271494061947193,1587819,563327,585006,0.3547803622453189,0.3684336816727851
7200,0.0035132492642735,555528.0,692265,0.3147623595869185,0.0,0.0,-0.8344113816112005,-0.453059584921801,0.17059639389736478,0.3259361997226075,355867,196062,65029,0.5509417844307002,0.18273399893780543,926798,352121,317211,0.3799328440501598,0.3422655206420385
7300,0.0407272442962623,392769.0,589177,0.3430837945078162,7775.422226345846,0.0,1.0157032171032874,0.9433621443062647,0.8848821081830791,0.8391123439667129,344144,169208,69353,0.4916779022734669,0.20152319959086895,605970,200718,206809,0.3312342195158176,0.3412858722378996
7400,0.0094577236979665,1553410.0,1697906,0.3387397683453457,0.0,0.0,-0.5388785068954729,0.729174814372181,0.34812760055478503,0.7905686546463245,824177,428628,165038,0.5200678980364655,0.20024582098262872,2075048,703277,759705,0.33892083460238026,0.36611442241336106
7500,0.0101029597791873,380301.0,563598,0.3206726229445574,0.0,0.0,-0.5068002338571231,-0.1616470840679855,0.36893203883495146,0.4535367545076283,327947,192400,46218,0.586680164782724,0.14093130902249448,584950,231374,161345,0.3955449183690914,0.27582699376015046
7600,0.0068148379113495,922030.0,1176696,0.3506200075159209,0.0,4106.676291157238,-0.6702710534992988,1.3149440090670579,0.26490984743411927,0.9042995839112344,608016,331042,110057,0.5444626457198495,0.1810100392094945,1220635,414774,438985,0.33980182446021945,0.35963658259840164
7700,0.0060945763806099,90013.0,149695,0.3128462552061904,0.0,0.0,-0.7060792587663849,-0.5475353697890242,0.24965325936199723,0.2843273231622746,75549,53748,7103,0.7114323154508995,0.09401845160094773,127332,68635,19926,0.53902396883737,0.15648854961832062
7800,0.0120257550023081,255049.0,377001,0.3112512092829755,0.0,0.0,-0.411207392788155,-0.6261809889998796,0.4091539528432732,0.23578363384188628,209055,138228,23245,0.661203989380785,0.11119083494774103,429109,193141,96715,0.4500977607088176,0.22538562463150388
7900,0.0115670217826528,194900.0,320199,0.3476150236113488,0.0,282.40365532427285,-0.4340135716429119,1.1667797358921563,0.40360610263522884,0.8807212205270458,155179,77731,39624,0.5009118501859143,0.2553438287397135,265553,94352,98301,0.35530383765199414,0.370174692057706
8000,0.0311104715100441,108728.0,209914,0.311568185093039,1106.813274488501,0.0,0.5375999737130375,-0.6105521230879427,0.7961165048543689,0.24965325936199723,117594,76758,15236,0.6527373845604367,0.12956443355953534,151340,69731,33289,0.46075723536408086,0.21996167569710584
8100,0.0176189724006432,453210.0,722201,0.3485923715251865,0.0,1099.6301519273447,-0.13313745825012677,1.2149690267141304,0.5492371705963939,0.8848821081830791,384825,206903,83809,0.5376547781459105,0.2177847073345027,602378,213202,206172,0.35393390860888013,0.34226349567879305
8201,0.0365279491005499,28989.0,72733,0.3179275199768015,452.1452088511148,0.0,0.8069329053100812,-0.29699762135005814,0.8515950069348127,0.391123439667129,39231,28769,4103,0.7333231373148785,0.10458565930004333,41341,24034,5897,0.5813599090491279,0.14264289688202994
8202,0.0086042886296652,465585.0,587297,0.3422920626136123,0.0,0.0,-0.5813075091448116,0.9043248701046872,0.3245492371705964,0.826629680998613,323384,177688,59204,0.5494644138238132,0.18307646636815675,610564,189168,242870,0.3098250142491205,0.39777975773219515
8300,0.0273925058640543,576214.0,894291,0.3376412917716832,3723.314521472556,0.0,0.35275922997531634,0.6750131322118464,0.7558945908460472,0.7711511789181692,490335,306232,82362,0.6245362864164296,0.16797087705344305,786110,300977,260402,0.38286880970856496,0.3312538957652237
8401,0.0178747611411104,325796.0,525842,0.3279910230295956,0.0,0.0,-0.12042077780454792,0.19919525780047342,0.5547850208044383,0.6102635228848821,282406,173498,47189,0.614356635482249,0.1670963081520931,436562,175802,127036,0.4026965242050385,0.29099188660488085
8402,0.0352390027401385,18490.0,35518,0.3065340260673077,264.5583201400931,0.0,0.7428522153355924,-0.8587672672554341,0.840499306518724,0.15256588072122051,19992,15582,1798,0.7794117647058824,0.0899359743897559,29493,13915,8064,0.4718068694266436,0.2734208117180348
8501,0.0393511630458851,13130.0,27415,0.3163957952897062,241.85911930008962,0.0,0.9472905672882997,-0.3725211123818181,0.871012482662968,0.3592233009708738,15160,12009,1185,0.7921503957783641,0.07816622691292877,17887,10435,2458,0.5833845809806004,0.13741823670822384
8502,0.0357938058652629,20433.0,42098,0.3332407921881192,303.6954136955005,0.0,0.7704345633292102,0.4580413136895559,0.8460471567267683,0.7170596393897365,22549,17388,2115,0.7711206705397136,0.09379573373542063,28539,15753,4332,0.5519814990013665,0.15179228424261537
8503,0.0219366524388022,136664.0,241530,0.3258769452913671,137.4612416645627,0.0,0.0815184222676599,0.09495816320463266,0.6588072122052705,0.565880721220527,123189,86176,14946,0.699542978675044,0.12132576772276746,180016,87564,38614,0.4864234290285308,0.21450315527508665
8601,0.0294975021424441,63859.0,113122,0.3271007274821018,547.0598284116716,0.0,0.45741029851931353,0.15529818650349575,0.7780859916782247,0.5922330097087378,61365,46312,5660,0.7546973030228958,0.09223498737065103,84174,48781,11929,0.5795257442915864,0.1417183453322879
8602,0.0113976012523178,57217.0,93044,0.3185339890857802,0.0,0.0,-0.44243640816517443,-0.26709494713002824,0.39528432732316227,0.4077669902912621,52456,32542,8882,0.6203675461339027,0.16932286106451122,83143,34866,23529,0.41934979493162383,0.28299435911622145
8701,0.0213171593930923,76375.0,131279,0.3217701253201083,29.50675902589679,0.0,0.050719978652971884,-0.10753343589375959,0.6449375866851595,0.4826629680998613,58926,40560,6029,0.6883209449139599,0.10231476767471065,95563,47380,16560,0.4957985831336396,0.17328882517292257
8702,0.0405343176230226,65952.0,111346,0.3322323147632337,1292.8899511191644,0.0,1.0061117595256912,0.40831714563524196,0.8807212205270458,0.7031900138696255,53363,38253,7183,0.7168450049659877,0.1346063752037929,86882,40278,20777,0.46359430031537024,0.2391404433599595
8800,0.0049300220022252,322054.0,434615,0.3169401689937732,0.0,0.0,-0.7639757317087382,-0.345680125288377,0.20943134535367544,0.37031900138696255,221340,124796,41825,0.56382036685642,0.18896268184693232,449193,143905,173048,0.3203634072659191,0.3852419783923614
8900,0.0200822335062649,235320.0,386870,0.3458913384937194,0.0,0.0,-0.010675053231829965,1.0817914095828618,0.6102635228848821,0.8626907073509015,213514,136550,31866,0.6395365175117322,0.14924548273181149,310615,129524,82896,0.4169920963250326,0.2668770020765256
9001,0.0477130935300567,56997.0,108438,0.3148886979754547,1526.5093099744327,0.0,1.3630086230601473,-0.44683032176898524,0.9292649098474342,0.3287101248266297,60888,46617,5496,0.7656188411509657,0.09026409144659046,77592,44689,11396,0.5759485513970513,0.14687081142385813
9002,0.0212343507322323,40150.0,83808,0.3150122455190579,12.186805096451486,0.0,0.04660309971467497,-0.4407386645149628,0.6421636615811374,0.332871012482663,45771,33328,5330,0.7281466430709401,0.11644928011186122,57323,27740,13417,0.4839244282399735,0.23405962702580116
9003,0.0299122687584039,39728.0,74610,0.3257155720937339,356.81504198563385,0.0,0.4780306530549395,0.08700146749626125,0.782246879334258,0.5589459084604715,41869,31686,4399,0.7567890324583821,0.10506580047290358,54366,30342,9364,0.5581061692969871,0.17224000294301586
9100,0.0163085260200288,3012413.0,3798017,0.3685347937174836,0.0,67383.87425154753,-0.19828703376662826,2.1982536576144978,0.5048543689320388,0.9764216366158114,1728485,799319,472861,0.4624390723668415,0.27356962889466785,3745074,1125821,1660136,0.3006138196468214,0.4432852328151593
9200,0.0405461640807935,83033.0,135136,0.3237539397646484,1628.7209605998155,0.0,1.0067007128064707,-0.00971912652526748,0.8821081830790569,0.5201109570041609,75182,56199,7407,0.7475060519805272,0.09852092256125136,112191,59716,19897,0.5322708595163604,0.1773493417475555
9301,0.0232124886657406,151784.0,212223,0.3441967622213027,346.32097140621886,0.0,0.1449473346163215,0.9982383291952958,0.6796116504854369,0.8488210818307905,93657,54301,23712,0.5797858141943475,0.2531791537204907,195627,71159,71343,0.36374835784426485,0.3646889233081323
9302,0.0597077327177435,48437.0,89228,0.3473085760730187,1878.2373770418403,55.34021194014761,1.9593288259401842,1.1516699788269582,0.9597780859916782,0.8765603328710125,51166,38331,5169,0.7491498260563656,0.10102411757807919,69102,35656,12180,0.5159908540997367,0.17626117912650863
9400,0.025277132191417,215321.0,272150,0.3142311075964015,935.8525351203822,0.0,0.24759224346611766,-0.4792535904630324,0.7059639389736477,0.3065187239944521,120418,83209,15629,0.6910013453138235,0.12978956634390207,287989,132026,77082,0.45844112101503876,0.26765605630770617
9500,0.0408120654826728,75298.0,148252,0.3101661309375072,1497.018108993553,0.0,1.019920149876118,-0.6796820557275651,0.8890429958391124,0.21359223300970873,87095,63018,8690,0.7235547390780183,0.09977610655031861,106057,52930,18271,0.4990712541369264,0.17227528593115024
9600,0.0496776059428088,296265.0,457299,0.3166596189841154,8516.666878234179,0.0,1.460675457568623,-0.3595129741788211,0.9361997226074896,0.3633841886269071,246241,172083,29431,0.6988397545494048,0.11952111955360806,391396,176658,97605,0.4513536162863187,0.24937659046081206
9701,0.020793618586543,171018.0,303656,0.3393807455889822,0.0,0.0,0.024691854330737544,0.7607789528437896,0.6255201109570042,0.7933425797503467,175063,110615,24725,0.6318582453174,0.14123486973261054,223472,89139,61878,0.3988821865826591,0.27689374955251667
9702,0.0430154480658973,30623.0,65826,0.3357028660774939,676.297600497357,0.0,1.1294625486503629,0.5794367686758779,0.9084604715672677,0.7517337031900139,36090,26234,4296,0.7269049598226656,0.11903574397339983,41578,23207,7241,0.5581557554475924,0.17415460099090865
9800,0.0421856803959478,101632.0,150911,0.3238256044298502,2160.1740887006054,0.0,1.0882101843611953,-0.006185615741468214,0.9042995839112344,0.521497919556172,65970,37421,14652,0.5672426860694255,0.22210095497953616,131487,43788,50797,0.333021515434986,0.3863271654231977
9900,0.0115445688234149,245247.0,426634,0.3645253981454505,0.0,4502.573416886197,-0.43512983308258457,2.000565683347113,0.40221914008321774,0.970873786407767,209887,111677,50946,0.5320815486428412,0.24273061218655753,330103,128519,113624,0.38932999700093607,0.3442077169853046
10000,0.0052984027337594,113810.0,172606,0.3247099024467516,0.0,0.0,-0.7456614773882683,0.03741574024078819,0.22330097087378642,0.5381414701803051,96196,55838,14399,0.5804607260177138,0.14968397854380638,154806,58034,44983,0.3748821105125124,0.2905765926385282
10101,0.0259182856400406,21801.0,43992,0.331915026362118,108.73176350315458,0.0,0.2794675461390773,0.39267286705304705,0.7170596393897365,0.7018030513176144,24984,18149,2565,0.7264249119436439,0.1026657060518732,30473,15239,4751,0.5000820398385456,0.15590850917205396
10102,0.0344345478117421,35280.0,66396,0.3109294499774584,476.41155779207475,0.0,0.7028582881650579,-0.6420457107931197,0.8280166435506241,0.231622746185853,36910,26965,4222,0.7305608236250338,0.11438634516391222,48949,23069,10003,0.47128644098960143,0.20435555373960654
10200,0.0168055343416209,83889.0,181765,0.3312347341184298,0.0,0.0,-0.1735779867892823,0.3591302561661049,0.5256588072122053,0.6920943134535368,97595,65506,13234,0.6712024181566678,0.13560120907833392,113690,53298,24840,0.46880112586859,0.21848887325182514
10301,0.0461571218143873,25549.0,61458,0.3177499459216731,644.5068144529281,0.0,1.2856526180445005,-0.30575311943202477,0.9251040221914009,0.3869625520110957,34323,25488,3472,0.7425924307315794,0.10115665880022143,36613,20890,4799,0.5705623685576161,0.1310736623603638
10302,0.0343759498302334,129581.0,223605,0.330321135267255,1742.2335176297433,0.0,0.699945056705999,0.3140841880151953,0.8252427184466019,0.6712898751733704,131793,81145,17793,0.6157003786240544,0.13500717033529855,177856,80919,37863,0.4549691885570349,0.21288570528967254
10400,0.0588127988618407,70450.0,157091,0.3240438628757987,2668.7854918777366,0.0,1.9148366882305299,0.004575874181670617,0.957004160887656,0.5270457697642164,90681,58635,10261,0.6466073378105667,0.11315490565829667,97664,43805,20410,0.44852760484927917,0.2089818152031455
10501,0.0364839903832785,43194.0,95083,0.3186122401420349,671.8036912351382,0.0,0.80474747306894,-0.26323668657245747,0.8502080443828016,0.4105409153952843,54466,35951,7837,0.6600631586677927,0.14388793008482356,58769,28892,13320,0.4916197314910922,0.22665010464700777
10502,0.0651887575435838,46346.0,105093,0.3418656705364665,2051.1784267214903,0.0,2.231821043921268,0.883301106183117,0.9667128987517337,0.8210818307905686,55067,35088,10148,0.6371874262262335,0.1842845987615087,63797,27242,19604,0.4270106744831262,0.3072871765130022
10600,0.0522695700852687,72957.0,161169,0.3130036271059667,2286.381273916608,0.0,1.58953640612272,-0.5397759627875331,0.9445214979195562,0.289875173370319,99798,77342,6857,0.7749854706507144,0.06870879175935389,103739,56398,15470,0.5436528210219879,0.14912424449821185
10700,0.0100582004205057,609651.0,1038182,0.3520981005885365,0.0,3616.476502148161,-0.5090254704342426,1.3878231301351422,0.36754507628294036,0.912621359223301,609498,350189,112132,0.5745531568602358,0.18397435266399562,813420,298576,276642,0.36706252612426543,0.34009736667404294
10801,0.025132764498056,151654.0,261112,0.3288311227918294,637.2418654040519,0.0,0.2404149227608204,0.24061736674301873,0.7004160887656034,0.6380027739251041,143844,92029,23379,0.639783376435583,0.16253024109451905,200833,84252,55193,0.4195127294817087,0.27482037314584756
10802,0.0268638418235269,22900.0,63233,0.3349692525424441,135.86622610792494,0.0,0.3264764012074192,0.5432650886723531,0.7461858529819695,0.7420249653259362,38727,28880,4062,0.7457329511710177,0.10488806259199009,34019,17769,6032,0.5223257591346012,0.17731267820923602
10900,0.0071177939158494,428732.0,623252,0.3374277628302061,0.0,0.0,-0.6552094261139113,0.6644848360809987,0.27323162274618584,0.768377253814147,327472,165981,61072,0.506855547955245,0.18649533395221576,573025,193721,184203,0.33806727455172114,0.32145717900615156
11001,0.0131080395269088,356343.0,599405,0.3210265950239723,0.0,0.0,-0.35740101168864336,-0.1441940734908173,0.42857142857142855,0.46601941747572817,330837,207901,50172,0.6284091561705614,0.15165171972905087,491568,205576,137766,0.41820460241512875,0.28025827555902744
11002,0.044128831025523,33193.0,76853,0.3201495387975637,770.011618162658,0.0,1.184815005858808,-0.18743836445744613,0.9153952843273232,0.44660194174757284,45717,34324,3819,0.7507929216702758,0.08353566506988648,47151,27722,6120,0.5879408708192827,0.12979576255010497
11101,0.0140849730334571,206934.0,367927,0.3502926715949374,0.0,853.9369312370176,-0.30883221543646217,1.2988043256754882,0.44660194174757284,0.9029126213592233,201090,113693,39781,0.5653836590581331,0.19782684370182504,274310,112543,82525,0.41027669425102986,0.3008457584484707
11102,0.0301074668854059,38771.0,80901,0.3287256348884949,355.78782100469414,0.0,0.4877350372280898,0.23541616133804968,0.7850208044382802,0.6324549237170597,48604,34837,5180,0.7167517076783804,0.10657559048637973,54915,27052,11671,0.4926158608758991,0.21252845306382592
11201,0.0149086470599261,88575.0,199334,0.3384218243899666,0.0,0.0,-0.26788280004469045,0.7134982129143755,0.46879334257975036,0.782246879334258,132809,97120,12150,0.7312757418548442,0.09148476383377632,129863,68642,23393,0.5285724186257825,0.18013598946582168
11202,0.0006867485685093,19695.0,53037,0.3144183984069372,0.0,0.0,-0.9749324462272113,-0.47001899630326377,0.0638002773925104,0.31761442441054094,40213,33934,2129,0.8438564643274563,0.05294307810906921,28453,20221,2870,0.7106807717991073,0.10086809826731803
11203,0.0149933341755988,38682.0,84011,0.3635696824673027,0.0,673.2070527847042,-0.2636725326736542,1.9534429954022043,0.47018030513176146,0.9667128987517337,54793,42191,4158,0.7700071176975161,0.07588560582556166,54930,30500,7748,0.5552521390861096,0.1410522483160386
11301,0.0048873760126277,209812.0,241044,0.3512807041582894,0.0,1073.1144171501894,-0.76609590095859,1.3475204357349961,0.20527045769764216,0.9070735090152566,103110,59382,20110,0.5759092231597324,0.1950344292503152,263323,88809,100346,0.3372626014438541,0.3810757130976026
11302,0.0137404161494951,1477384.0,2512431,0.3606149236962372,0.0,21346.524950982013,-0.3259620538361746,1.8077551316316252,0.43828016643550627,0.955617198335645,1540817,828116,357207,0.5374525332988928,0.2318296072797743,1942985,602624,856945,0.3101537067965013,0.44104560766037826
11303,0.0074842633553888,29272.0,59342,0.3117402443101567,0.0,0.0,-0.6369901927450738,-0.6020685405940422,0.2912621359223301,0.2552011095700416,37463,25284,5298,0.6749059071617329,0.14141953394015427,47760,22876,12648,0.4789782244556114,0.2648241206030151
11304,0.0050964368026264,3313164.0,4632415,0.3934225852148955,0.0,156568.62911366293,-0.755702326733009,3.425375550857254,0.21636615811373092,1.0,2637767,985410,999948,0.37357734780971935,0.3790888277850166,4180033,1061032,2299182,0.25383340275064814,0.5500391982551334
11401,0.0072433961059295,57067.0,121919,0.3264015557885692,0.0,0.0,-0.6489650429108191,0.12082470209011804,0.27739251040221913,0.5783633841886269,78514,46220,12539,0.5886848205415595,0.1597040018340678,85091,30643,24844,0.36012034175177166,0.2919697735365667
11402,0.0343731057211953,52590.0,114408,0.3029701479116486,706.929866588677,0.0,0.6998036602327852,-1.0344884802089271,0.8238557558945908,0.11373092926490985,73836,50938,7814,0.6898802752045072,0.10582913483937374,80788,34850,17252,0.43137594692281034,0.21354656632173094
11403,0.005282712956534,27295.0,57510,0.3195364552263737,0.0,0.0,-0.7464415034475597,-0.21766717253280052,0.22052704576976423,0.43134535367545074,32815,21557,3468,0.6569251866524455,0.10568337650464726,39082,17232,8972,0.4409190931886802,0.22956859935520188
11500,0.026483353084715,153449.0,303839,0.3214007576860062,852.0308258776589,0.0,0.3075601905260008,-0.12574554244042196,0.7406380027739251,0.47711511789181693,180029,107487,22801,0.5970538079976004,0.12665181720722773,213746,93942,48811,0.43950296145892787,0.22835982895586351
11600,0.0264409427544696,2737707.0,5327827,0.3513023513150931,15085.104785826468,14061.669782237213,0.3054517372127817,1.3485877743151604,0.7378640776699029,0.9098474341192788,3224334,1732578,599287,0.5373444562505001,0.1858638093944362,3673242,1249952,1289553,0.34028577480057126,0.3510667143629524
11700,0.0048849207292695,231082.0,447728,0.3631954778923296,0.0,3935.192713067017,-0.7662179667454286,1.9349923977849406,0.20388349514563106,0.9625520110957004,252916,109609,62373,0.43338104350851664,0.2466154770753926,310203,91240,116437,0.29412997295319515,0.3753574272331344
11800,0.0118307179787655,63943.0,136888,0.3036263547595857,0.0,0.0,-0.42090376761262116,-1.0021334281472294,0.4077669902912621,0.11927877947295423,66859,41838,9422,0.6257646689301366,0.14092343588746467,88330,39959,19773,0.45238310879655835,0.2238537303294464
11900,0.02791614439916,249635.0,540707,0.3176602958196956,1743.781743618905,0.0,0.3787922129274492,-0.31017342337419856,0.7600554785020804,0.3855755894590846,331626,204626,44320,0.6170384710487115,0.13364452726867013,358762,149207,86212,0.41589410249691994,0.24030415707349162
12001,0.0268653231350008,60707.0,120045,0.2982162118851977,360.26595166707835,0.0,0.32655004543671384,-1.2688868991180553,0.7475728155339806,0.08460471567267684,61652,40863,7586,0.6628008823720236,0.12304548108739376,88054,42206,17191,0.47931950848343063,0.19523247098371455
12002,0.0205251799566972,26275.0,52801,0.2905237746889121,0.0,0.0,0.011346277552170235,-1.6481715816074038,0.6171983356449375,0.04160887656033287,31415,20734,3520,0.6600031831927423,0.11204838452968327,41059,16173,10603,0.39389658783701503,0.2582381451082588
12100,0.0244587849054153,262202.0,509606,0.3236787477937054,925.0397558241207,0.0,0.20690764995905997,-0.01342655527601796,0.6934812760055479,0.5159500693481276,296957,157737,57245,0.5311779146475752,0.1927720174974828,356919,128369,113417,0.35965863403181114,0.3177667762153318
12200,0.0229771997571777,752238.0,1286045,0.323196789960185,1539.3654813186438,0.0,0.13324981479149126,-0.03719005430702796,0.6768377253814147,0.5034674063800277,676036,381606,111419,0.5644758563153441,0.16481222893455377,995443,360024,332954,0.3616721399417144,0.3344782172359442
12301,0.0105843914496898,89299.0,154452,0.3181570637350752,0.0,0.0,-0.48286558880988917,-0.2856796958015365,0.37447988904299584,0.40083217753120665,81224,43660,15282,0.5375258544272629,0.18814636068157195,134233,39569,51923,0.29477848219141345,0.3868124827724926
12302,0.0139160017573871,42230.0,83975,0.2927122255691295,0.0,0.0,-0.3172327170314079,-1.5402674315874862,0.44382801664355065,0.05409153952843273,44618,26645,6814,0.5971805101080282,0.1527186337352638,65312,22022,22447,0.3371815286624204,0.3436887555120039
12401,0.0110574047860264,36979.0,84783,0.3091328681659255,0.0,0.0,-0.459349465959044,-0.7306282945134563,0.3841886269070735,0.1955617198335645,56012,36961,5766,0.6598764550453474,0.1029422266657145,60409,26479,11864,0.43832872585210814,0.19639457696700824
12402,0.0144472359600566,48823.0,104421,0.2911561437350848,0.0,0.0,-0.2908221112136114,-1.616991880457615,0.4604715672676838,0.044382801664355064,57941,40091,5590,0.6919279957197839,0.09647745120035899,77774,34007,15738,0.4372540951989097,0.20235554298351635
12501,0.0281113080503727,586808.0,1179009,0.3410595698567177,4213.568507055124,0.0,0.3884948831174318,0.8435553620747869,0.7614424410540915,0.8085991678224688,745815,436955,128626,0.585875853931605,0.17246368067148019,810735,322474,232345,0.39775512343737474,0.28658562908965324
12502,0.0518917372317033,56807.0,109851,0.3069425967876296,1758.796890544543,0.0,1.570752234263332,-0.8386222063368259,0.9431345353675451,0.1622746185852982,62607,46113,5941,0.7365470314821027,0.09489354225565831,78113,41506,13206,0.5313584166527978,0.16906276804117112
12600,0.0351148898808406,47330.0,104034,0.3181149366045673,671.3320819189495,0.0,0.736681875046197,-0.28775682362346866,0.8391123439667129,0.39944521497919555,67744,47846,7013,0.7062765706188002,0.10352208313651394,66702,33501,12818,0.5022488081316901,0.19216815088003358
12701,0.0262357412681245,1130030.0,1954800,0.3499988223881521,5994.721480851924,4331.1402355278215,0.2952500304291204,1.2843157441958613,0.7309292649098474,0.9001386962552012,1127176,643731,222369,0.571100697672768,0.19727975045600687,1493774,534133,559303,0.3575728323026107,0.3744227707805866
12702,0.1456049285157712,27210.0,52963,0.3073826267983113,3392.3825240224583,0.0,6.229756007917339,-0.8169260080282084,1.0,0.17198335644937587,31984,24952,2672,0.7801400700350175,0.08354177088544272,37467,20613,6816,0.5501641444471135,0.18192008967891746
12800,0.0907376122155834,73459.0,134026,0.3115328421172421,5127.937233887809,0.0,3.5019966584574096,-0.6122947501658528,0.986130374479889,0.24687933425797504,74792,55639,7016,0.7439164616536528,0.09380682425927907,101499,51780,21383,0.5101528093872846,0.2106720263253825
12901,0.0311760284708976,332410.0,525970,0.336186875460203,3405.610130288099,0.0,0.5408591747264776,0.6033014217576511,0.7988904299583911,0.7572815533980582,286929,157522,64774,0.5489929564456713,0.22574922716072618,436834,151758,167962,0.3474042771395999,0.3844984593690052
12902,0.0410626656239282,23926.0,40195,0.2957321913199632,481.67456592779945,0.0,1.0323788762068433,-1.391364460824625,0.8918169209431346,0.07073509015256588,21923,17584,1688,0.8020800072982712,0.07699676139214523,32412,17945,5773,0.5536529680365296,0.17811304455140073
12903,0.0277706642839914,48317.0,86667,0.3251619880632571,330.4808118640367,0.0,0.3715595875491546,0.059706354403629584,0.7586685159500693,0.5478502080443828,49985,37843,4825,0.7570871261378413,0.09652895868760628,66279,33162,14501,0.5003394740415517,0.2187872478462258
13000,0.0195492348824095,106037.0,176597,0.3452935750813459,0.0,0.0,-0.03717337823676319,1.0523179799947324,0.6019417475728155,0.8543689320388349,95477,65211,10086,0.6830021890088712,0.10563800705929177,139498,63874,29501,0.45788470085592625,0.21147973447647994
13101,0.0229809387910851,684691.0,1100767,0.343214863014031,1403.6986730048395,0.0,0.1334357029556409,0.9498246314862757,0.6782246879334258,0.841886269070735,656334,391622,110432,0.5966809581706874,0.16825579659136963,908078,339861,303221,0.3742641050658644,0.3339151482581893
13102,0.0834619833757241,26811.0,49985,0.3019062616663456,1676.5230521157657,0.0,3.140284697140676,-1.0869446454603486,0.9805825242718447,0.10957004160887657,28745,20090,3431,0.6989041572447382,0.11935988867629153,36540,18230,6452,0.4989053092501368,0.1765736179529283
13103,0.0259539534995187,41047.0,66605,0.2924477202736917,206.18460798417323,0.0,0.2812407937430662,-1.5533091769325538,0.7184466019417476,0.049930651872399444,35167,27024,2859,0.7684476924389342,0.0812978076037194,55129,27258,11574,0.4944403127210724,0.20994394964537721
13200,0.0242301144340752,94100.0,177640,0.3189354056736607,310.46371451965797,0.0,0.19553916944635027,-0.24730262914350848,0.6879334257975035,0.420249653259362,107155,77500,10966,0.7232513648453175,0.10233773505669358,128943,62571,26718,0.48526092924780717,0.20720783602056722
13300,0.0253865237278435,118283.0,246623,0.3101234577882166,527.0341401390964,0.0,0.25303070494665747,-0.6817861056491338,0.710124826629681,0.21081830790568654,150101,100022,19024,0.6663646478038121,0.12674132750614586,164097,78241,37483,0.4767972601571022,0.22841977610803366
13400,0.0206305507501842,122399.0,260393,0.311283584979084,0.0,0.0,0.016584845546303906,-0.6245846671443298,0.6199722607489597,0.23994452149791956,159874,111180,16187,0.6954226453331999,0.10124848318050465,171239,80802,36243,0.4718668060430159,0.21165155134052407
13501,0.0206974492551287,413465.0,834343,0.3225925186763084,0.0,0.0,0.019910742175343568,-0.06698436216998306,0.6227461858529819,0.49375866851595007,505330,298290,80049,0.5902875348781984,0.15840935626224448,566415,221167,161033,0.39046811966491,0.28430214595305564
13502,0.0438822887350245,46517.0,98981,0.3124700631279774,1067.633524670446,0.0,1.172558017850407,-0.5660839635960583,0.912621359223301,0.27600554785020803,60158,42934,5991,0.7136872901359753,0.099587752252402,65251,33780,10752,0.5176932154296486,0.1647790838454583
13600,0.0298858251078167,325226.0,657906,0.3273023847270858,2912.40086540578,0.0,0.476715992160493,0.16524113464642828,0.7808599167822469,0.5977808599167822,399642,246005,62126,0.6155634292691959,0.15545413144764564,450945,187388,128050,0.41554513299848095,0.28395924114914234
13700,0.0491918582977765,193873.0,372184,0.2870026985580857,5479.052500978645,0.0,1.4365262414311741,-1.8217823902788328,0.9348127600554785,0.0319001386962552,198457,133937,23428,0.6748917901610928,0.11805076162594416,260071,143144,47635,0.5504035436476962,0.1831615212768821
13800,0.0309871913800203,64618.0,129528,0.3087465270744944,649.8226801848049,0.0,0.5314710330257397,-0.7496772973791266,0.7933425797503467,0.1900138696255201,74734,50261,9529,0.672531913185431,0.1275055530280729,90057,44585,20993,0.49507534117281277,0.23310792053921406
13900,0.0310880893109037,92775.0,192308,0.3140737439460445,942.3407670677033,0.0,0.5364872301512298,-0.4870125907171839,0.7947295423023578,0.30513176144244103,118159,78011,13638,0.6602205502754762,0.11542074662107837,129044,64863,24256,0.5026425095316326,0.18796689501255387
14000,0.0194991195161868,193416.0,415487,0.3189472796667328,0.0,0.0,-0.03966489172755707,-0.24671716792005977,0.5977808599167822,0.42163661581137307,261978,178469,32173,0.6812365923856202,0.12280802204765286,268003,128356,56357,0.47893493729547804,0.21028495949672205
14100,0.0322818123661027,310312.0,557161,0.3284560362261935,3522.349500160725,0.0,0.5958338401926213,0.22212328153658695,0.8030513176144244,0.6227461858529819,314828,185191,49164,0.5882291282859212,0.15616145959063363,415256,175952,113772,0.4237193442117633,0.2739803880016183
14200,0.0147728482378641,1046834.0,1507346,0.3490298848825401,0.0,2997.9527347499434,-0.27463411451574277,1.2365411384642053,0.46601941747572817,0.8876560332871013,819147,451797,170890,0.5515456932638464,0.208619454139489,1334495,457435,530339,0.3427776050116336,0.3974080082727923
14300,0.0275233952596363,92883.0,163284,0.3305336021247711,612.3382747136777,0.0,0.35926646956018254,0.32456011684454333,0.7572815533980582,0.6782246879334258,93371,65172,10901,0.6979897398549871,0.11674931188484647,123383,59406,30476,0.48147637843138846,0.2470032338328619
14400,0.0238903538005998,128713.0,261832,0.3178661296539232,380.93062217613493,0.0,0.17864777932494616,-0.30002454357596453,0.6865464632454924,0.3883495145631068,156930,103680,21619,0.6606767348499331,0.1377620595169821,176213,84342,38127,0.47863664996339655,0.21636882636354865
14500,0.0190038097801425,172897.0,347966,0.3329060875791039,0.0,0.0,-0.06428949257337514,0.44153830844963154,0.5852981969486823,0.710124826629681,197799,121051,34663,0.6119899493930707,0.17524355532636668,232249,102447,65682,0.4411084654831668,0.2828085373887509
14600,0.0406319190193308,142472.0,280923,0.3502240069223828,2806.855143412988,578.1442872283786,1.0109640675890827,1.2954187330650386,0.883495145631068,0.9015256588072122,152442,97594,26897,0.6402041432151244,0.17644087587410293,194846,81152,60531,0.4164930252609753,0.31066072693306507
14700,0.0291029425420708,206417.0,388604,0.3242473256810381,1686.8652562738052,0.0,0.4377945470772523,0.0146078476010788,0.7753120665742025,0.5325936199722607,239655,154712,32058,0.6455613277419624,0.13376729048006508,284009,119380,74986,0.42033879208053265,0.26402684421972544
14801,0.1130091310837086,24966.0,55642,0.3001248687070499,2298.8271432422052,0.0,4.609237688560313,-1.1747783249191133,0.9916782246879334,0.0957004160887656,39000,26026,3821,0.6673333333333333,0.09797435897435898,36271,16031,6304,0.4419784400760938,0.17380276253756444
14802,0.0141482922809956,25536.0,54708,0.3299780860474326,0.0,0.0,-0.3056842635933479,0.2971697419042316,0.44798890429958393,0.6601941747572816,35690,23475,3440,0.6577472681423367,0.0963855421686747,35192,16722,6258,0.47516481018413276,0.1778245055694476
14900,0.015948919104282,367857.0,675971,0.3207503263785619,0.0,0.0,-0.21616509292286631,-0.15781582467090477,0.49375866851595007,0.4590846047156727,401728,256835,55303,0.6393256133503266,0.13766279671817747,498277,216280,132431,0.4340557561356434,0.26577787054188734
15000,0.0323543062431106,344644.0,700866,0.3208021961993583,3937.0363893243016,0.0,0.5994379138765793,-0.15525832202128334,0.8044382801664355,0.4604715672676838,427031,294131,53270,0.6887813765276994,0.12474504192904028,485127,241183,111534,0.497154353396121,0.22990680790803233
15100,0.0254363135258329,225288.0,423702,0.3108268248176963,1015.033884668337,0.0,0.255506032630451,-0.6471057652521393,0.7128987517337032,0.2274618585298197,254125,164961,31048,0.6491333005410723,0.12217609444171175,316681,130224,85917,0.4112150713178246,0.27130456200403563
15200,0.0269049405540119,1310768.0,2661167,0.3516771812523668,7830.687558534714,7223.805736191792,0.32851964760420016,1.3670692061577259,0.7503467406380028,0.9112343966712899,1698542,969079,328470,0.5705357889295642,0.19338350185041053,1815541,670209,636221,0.36915112354939933,0.35043053282740516
15300,0.0185436129669443,95729.0,202967,0.3267961579686099,0.0,0.0,-0.0871684348005669,0.14028102766643855,0.5714285714285714,0.5866851595006934,130583,87259,15719,0.6682263388036728,0.12037554658722804,137257,64292,29816,0.46840598293711794,0.2172275366647967
15400,0.036307954285659,94446.0,188410,0.3129485143544897,1452.3089334146455,0.0,0.7959957399151464,-0.5424933619565698,0.8488210818307905,0.2871012482662968,112506,83913,9716,0.7458535544770946,0.0863598385863865,132015,72096,23582,0.546119759118282,0.17863121614967997
15500,0.0216139085573783,56056.0,132008,0.3223799569303399,38.291276671457226,0.0,0.06547302950198503,-0.07746496958631359,0.6490984743411928,0.4909847434119279,96516,69710,9160,0.7222636661278959,0.09490654399270587,83063,41046,17276,0.49415503894634194,0.20798670888361845
15600,0.0100258237365178,86076.0,195637,0.3232364013735536,0.0,0.0,-0.510635095406044,-0.03523696688374657,0.36615811373092927,0.5062413314840499,137354,97048,15744,0.7065538681072265,0.11462352752741092,125334,61953,27438,0.4943032217913734,0.21891904830293457
15700,0.0077667072771085,114470.0,225682,0.3237440006227118,0.0,0.0,-0.6229483350395895,-0.010209187633007901,0.29680998613037446,0.5187239944521498,138314,101781,11628,0.7358691094177018,0.08406958080888413,155327,88268,26519,0.5682720969309908,0.17073013706567436
15800,0.0117566904079451,64780.0,142321,0.3427715685252764,0.0,0.0,-0.42458408974316547,0.9279674742386684,0.40499306518723993,0.8349514563106796,81231,56748,11408,0.6986002880673634,0.14043899496497642,90209,44315,21664,0.4912481016306577,0.24015342149896352
15900,0.0158861238900863,1155356.0,1663807,0.3580270894543656,0.0,13703.71538445721,-0.2192869921549429,1.6801589142406954,0.492371705963939,0.9486823855755895,908176,489191,203416,0.538652199573651,0.22398301650781346,1465959,498783,588131,0.34024348566365087,0.4011919842232968
16000,0.0250355225315212,160474.0,326186,0.3145099202072324,658.6982186876534,0.0,0.23558048394985442,-0.4655064060694974,0.6976421636615812,0.32038834951456313,200121,140448,21460,0.7018154016819824,0.10723512275073581,224102,118416,40528,0.5284022454061097,0.18084622180971166
16100,0.0218368166282064,157911.0,310658,0.3271715177186171,143.0670152519863,0.0,0.07655502904693705,0.15878858255027975,0.651872399445215,0.5936199722607489,176857,119553,31283,0.6759868142058273,0.17688301848385984,219731,102666,68970,0.46723493726420035,0.31388379427572805
16200,0.022084145378396,184651.0,411749,0.3209032972709732,212.962896909019,0.0,0.08885111633921125,-0.15027341452469473,0.6601941747572816,0.463245492371706,280928,213112,28131,0.758600068344914,0.10013597790181114,271004,144382,59233,0.5327670440288704,0.21856872961284704
16300,0.0167072386278934,1272235.0,2561364,0.3552653552603919,0.0,11576.446132064617,-0.1784648132319145,1.543988354747912,0.521497919556172,0.9320388349514563,1773168,1104509,322010,0.6229014960793338,0.18160151773548813,1800597,651440,686283,0.3617911170572871,0.3811419212627812
16400,0.0177458774219872,356351.0,809682,0.3186676098190742,0.0,0.0,-0.12682830406130924,-0.2605066193857478,0.5520110957004161,0.4119278779472954,541670,372021,66333,0.6868037735152399,0.12246016947588015,519458,254326,120814,0.48959877410685754,0.2325770322143465
16500,0.0250372654310373,299657.0,659098,0.3178783559792075,1230.5254633191705,0.0,0.23566713317512725,-0.2994217101975253,0.6990291262135923,0.3897364771151179,414513,278306,57760,0.6714047569075035,0.1393442425207412,429500,206066,110333,0.47978114086146684,0.2568870779976717
16600,0.02650003393976,247115.0,468038,0.3496247206171721,1376.236587058833,854.687739347019,0.30838948857398707,1.2658702154506447,0.7420249653259362,0.8945908460471568,277840,164323,49705,0.5914303196084078,0.17889792686438238,347585,135374,112551,0.38947020153343787,0.32380856481148496
16701,0.0110072723937166,28469.0,60271,0.3278637956731178,0.0,0.0,-0.4618418259112909,0.19292216303553442,0.3800277392510402,0.608876560332871,39702,30224,4239,0.7612714724699008,0.10677043977633369,42000,25172,7732,0.5993333333333334,0.1840952380952381
16702,0.0110245901708419,144411.0,259942,0.3535215649353642,0.0,1062.216302965035,-0.4609808629254771,1.458008717491271,0.3814147018030513,0.9209431345353676,160739,106754,25955,0.6641449803719073,0.16147294682684352,195410,85051,63504,0.43524384627194107,0.3249782508571721
16703,0.0136550925535452,19661.0,40323,0.3181095941348828,0.0,0.0,-0.33020396418055,-0.2880202403880494,0.4368932038834951,0.39805825242718446,25646,19513,2647,0.7608593932777041,0.10321297668252359,28361,16908,5237,0.5961707979267303,0.18465498395684216
16801,0.0086257985915421,77825.0,174251,0.3319023766908264,0.0,0.0,-0.5802381293469147,0.3920491601007499,0.3273231622746186,0.7004160887656034,115216,84626,11723,0.7344986807387863,0.10174802110817942,114012,62400,23318,0.5473108093884854,0.2045223309827036
16802,0.0030230203147061,25938.0,58143,0.3302704072704108,0.0,0.0,-0.858783388312644,0.31158298434132453,0.1539528432732316,0.6685159500693482,37295,29835,3116,0.7999731867542565,0.0835500737364258,38163,23288,7201,0.6102245630584597,0.18869061656578362
16901,0.0091575828396919,158052.0,347345,0.3555014283910744,0.0,1475.474170006673,-0.5538001777101007,1.5556282186987576,0.34257975034674065,0.9348127600554785,232991,159148,32432,0.6830650110948492,0.13919850981368379,226001,110664,56690,0.48966155017013197,0.2508395980548759
16902,0.0037588248946125,9891.0,23028,0.3197277929120054,0.0,0.0,-0.8222024516538512,-0.20823304242665935,0.17891816920943135,0.43411927877947293,15013,12304,1002,0.8195563844667955,0.06674215679744222,14741,9854,2002,0.6684756800759786,0.13581168170409064
17000,0.000719767115961,89786.0,204354,0.3537018442361342,0.0,676.6082217013628,-0.973290910653935,1.4668976008980772,0.0651872399445215,0.9223300970873787,129570,103159,9449,0.7961642355483523,0.07292583159682026,124709,72831,18721,0.5840075696220802,0.15011747347825738
17100,0.0127917218276967,161525.0,344380,0.3369942741266108,0.0,0.0,-0.3731269232077111,0.6431111646280496,0.42302357836338417,0.7669902912621359,217746,148891,27586,0.683782939755495,0.12668889439989714,227568,106544,51653,0.46818533361456793,0.2269783097799339
17200,0.022665198989187,98737.0,174641,0.3123255432924763,171.24749186395556,0.0,0.11773852192509689,-0.5732096844206526,0.6726768377253814,0.27184466019417475,93984,64646,13690,0.6878404834865509,0.14566309159005789,138502,68589,37112,0.49522028562764436,0.2679528093457134
17300,0.0403187757744583,100766.0,188559,0.3168135179670128,1953.646867512268,0.0,0.9953959758448493,-0.3519248034373212,0.8793342579750347,0.36615811373092927,116834,78373,15861,0.6708064433298526,0.13575671465498057,147997,66974,40992,0.4525362000581093,0.2769785874037987
17400,0.0328935780192277,278414.0,408535,0.3185697921703416,3330.599631513504,0.0,0.6262481121584708,-0.2653296338471882,0.8141470180305131,0.4091539528432732,238359,168289,28871,0.7060316581291246,0.12112401881196011,376076,178497,94864,0.4746301279528606,0.2522468862676693
17501,0.0167730044958226,74026.0,155822,0.3161729297204229,0.0,0.0,-0.1751952262862412,-0.3835097619510654,0.5228848821081831,0.3522884882108183,99088,70542,10502,0.7119126433069595,0.1059865977716777,107359,56026,23045,0.5218565746700323,0.21465363872614313
17502,0.0243339230614039,82594.0,115649,0.3193270762431201,281.0759892877612,0.0,0.20070007347528476,-0.2279908500821759,0.6893203883495146,0.42441054091539526,62820,40840,9558,0.6501114294810569,0.15214899713467048,114310,48561,34806,0.42481847607383433,0.30448779634327705
17600,0.0203633938494672,188039.0,273489,0.3575884157033915,0.0,2147.8489687896763,0.0033029906490005703,1.6585295879154873,0.6158113730929264,0.9445214979195562,143188,80558,34910,0.5626030114255385,0.24380534681677235,259800,87668,110246,0.3374441878367975,0.42434949961508855
17700,0.0221095415888283,532457.0,1080612,0.3394169653353514,627.6191736775153,0.0,0.09011370315990679,0.7625648101281517,0.6615811373092927,0.7947295423023578,696374,387936,133997,0.5570799599066019,0.19242102663224073,738015,278935,234685,0.37795302263504127,0.31799489170274314
17800,0.0378052728585528,71068.0,161132,0.3148888871119368,1199.2336975237713,0.0,0.8704357710984664,-0.44682099617181426,0.8626907073509015,0.3300970873786408,100098,61835,15628,0.6177446102819237,0.15612699554436651,106073,47503,29237,0.44783309607534433,0.2756309334137811
17900,0.0635129949467946,133719.0,294558,0.3302630517503663,5694.046005569955,0.0,2.1485095681811774,0.3112203117561045,0.9625520110957004,0.6671289875173371,198038,112944,37532,0.5703147880709762,0.18951918318706512,193817,80716,54860,0.41645469695640736,0.28305050640552687
18000,0.0254145314204632,1218246.0,2369699,0.3482180409565402,5462.264904869748,2499.8216394857095,0.25442312306643944,1.1965122168303088,0.7115117891816921,0.883495145631068,1526719,832977,310839,0.5455994194085486,0.20359935259861178,1683410,582236,608896,0.34586701991790475,0.36170392239561366
18100,0.028756145365931,161486.0,346894,0.3307291954556608,1263.6806778514797,0.0,0.420553331297606,0.33420407655595374,0.7711511789181692,0.6837725381414702,213360,120170,44682,0.5632264716910386,0.2094206974128234,228095,87441,79246,0.38335342730002847,0.347425414849076
18201,0.0468733635423387,85047.0,197898,0.3112523417230374,2206.335598501914,0.0,1.3212609765653287,-0.6261251527079019,0.9278779472954231,0.23717059639389737,123065,82421,16024,0.6697355056271076,0.13020761386259294,122932,62029,26646,0.504579767676439,0.21675397780886996
18202,0.0384260128589037,17378.0,41086,0.3107125370252944,304.03148149747324,0.0,0.9012962077612877,-0.6527408595593763,0.8654646324549237,0.22468793342579751,26927,20448,2576,0.7593864893972593,0.09566606008838711,26048,14084,5092,0.5406941031941032,0.19548525798525798
18300,0.0110248492791874,120849.0,250613,0.3285257314733409,0.0,0.0,-0.46096798120900867,0.22555968784200084,0.3828016643550624,0.6269070735090153,146641,93916,20375,0.6404484421137335,0.1389447698801836,163848,70466,41061,0.4300693325521215,0.25060421854401643
18400,0.015569522168602,83800.0,169879,0.3294415125478361,0.0,0.0,-0.235027024000294,0.2707133530857525,0.4854368932038835,0.6490984743411928,106095,65563,15892,0.6179650313398369,0.14979028229417032,117590,51380,32665,0.4369419168296624,0.2777872268050004
18500,0.0504720991350651,54280.0,110160,0.3222712230955906,1603.5006939068946,0.0,1.5001741314494876,-0.08282621946543517,0.9375866851595007,0.4895977808599168,73896,49765,8334,0.6734464653025874,0.11278012341669373,76558,35476,17213,0.46338723582120744,0.2248360719977011
18600,0.0094854986799231,586892.0,1061509,0.3547982879528853,0.0,5066.187477423949,-0.537497658116599,1.520959050652414,0.34951456310679613,0.9278779472954231,673766,357885,152133,0.5311710593885711,0.2257950089496947,813720,262436,324814,0.3225138868406823,0.39917170525487883
18700,0.045065783269135,95057.0,191962,0.3035130231101591,2294.1973128484888,0.0,1.2313961112390495,-1.0077213786981323,0.9209431345353676,0.11789181692094314,122801,93010,14192,0.7574042556656705,0.11556909145690995,135801,75185,31294,0.5536409893888852,0.2304401293068534
18800,0.0267749583262896,464412.0,857487,0.3184369610914749,2714.08850274975,0.0,0.322057508377392,-0.27187902674921904,0.7447988904299584,0.40360610263522884,540392,365881,76084,0.6770659077114392,0.14079409021599135,654613,299896,177562,0.45812716826583033,0.2712472865647337
18900,0.044504815404093,106128.0,227275,0.3160129217728518,2501.8611063584003,0.0,1.2035072797488595,-0.39139914239600154,0.9195561719833565,0.34674063800277394,144430,99952,17677,0.692044589074292,0.12239146991622239,152333,78089,34981,0.5126203777251154,0.229635075787912
19000,0.0358805244632366,386478.0,637958,0.3236444445842107,5777.732326231412,0.0,0.7747458269802447,-0.015117915450898568,0.8474341192787794,0.5145631067961165,399580,256079,69358,0.6408704139346314,0.17357725611892488,533024,220669,176120,0.41399449180524706,0.3304166416521582
19100,0.0346322641933854,633342.0,1114959,0.3139748725386024,8677.700797061989,0.0,0.712687868777643,-0.49188756199378425,0.8321775312066574,0.30097087378640774,671764,476852,95783,0.7098504832054114,0.1425843004388446,880627,427756,250369,0.4857402736913585,0.284307658066355
19200,0.0268933253909075,632497.0,1051424,0.3338845783278147,3771.267499995441,0.0,0.3279421932672651,0.48978394809200004,0.7489597780859917,0.7281553398058253,633017,418677,102753,0.6613992989129833,0.1623226548418131,870509,386990,267180,0.44455600114415816,0.3069238801666611
19300,0.0424569221752376,494132.0,873232,0.3338419358280886,10636.736488611827,0.0,1.1016951212838233,0.4876814093833334,0.9070735090152566,0.7253814147018031,514561,274083,109191,0.5326540487911055,0.21220224618655514,664911,240800,241999,0.36215373185283445,0.36395698070869636
19400,0.0172636766760366,6770750.0,11781395,0.3763240477631844,0.0,204192.21814051937,-0.1508011841250421,2.582312008975371,0.536754507628294,0.9916782246879334,7279599,3962177,1811391,0.5442850629547039,0.24883115127632718,8909023,3233230,3855960,0.3629163377398397,0.43281513584598447
19500,0.0172100579669654,629804.0,1126217,0.3347635439028196,0.0,0.0,-0.15346686826703165,0.5331223817415816,0.5339805825242718,0.7364771151178918,670044,362598,151032,0.5411555062055626,0.2254060927342085,901181,296427,387540,0.3289317018445795,0.4300356976012588
19600,0.0288361668171563,3458563.0,5822286,0.3623711091394417,27341.14398347041,56046.194856460235,0.4245316425483864,1.8943459247992138,0.7725381414701803,0.9597780859916782,3597257,1891826,984249,0.5259079348514716,0.2736109763633791,4502322,1516795,2072922,0.3368917194283305,0.4604117608647271
19700,0.0180520274268138,3202465.0,5602247,0.3529493717937972,0.0,21723.32924255135,-0.1116078851613947,1.4297960602431095,0.5631067961165048,0.9181692094313454,3520352,2033278,772608,0.5775780376507804,0.21946896219468962,4273048,1511985,1776911,0.35384226903137994,0.41584157257302046
19800,0.0356918233044577,359729.0,586216,0.3633575459493318,5309.961371620033,6184.277244113853,0.7653644432198856,1.942983354353481,0.8432732316227461,0.9639389736477115,328753,172073,77021,0.5234111932058415,0.23428227270929847,476212,169259,180390,0.3554278346618733,0.3788018781551074
19901,0.008983240754871,296106.0,439269,0.3092876876876737,0.0,0.0,-0.562467692069153,-0.7229947355189464,0.34119278779472956,0.19694868238557559,232650,150412,34076,0.6465162260906941,0.1464689447668171,444887,183225,136099,0.41184615419196335,0.30591813202004103
19902,0.0148915619778013,85943.0,154018,0.3081326689319789,0.0,0.0,-0.26873219446827107,-0.7799442966066178,0.46740638002773927,0.17891816920943135,95089,61202,15780,0.6436286005741989,0.16594979440313812,126547,52449,40066,0.4144626107296103,0.316609639106419
19903,0.0057629419364744,21313.0,51398,0.326668864443753,0.0,0.0,-0.7225666508349935,0.1340046703915796,0.23439667128987518,0.5852981969486823,30456,22188,3084,0.7285263987391647,0.10126083530338849,33425,16557,8198,0.4953477935676889,0.24526551982049363
20001,0.0336022362977861,157811.0,289843,0.3278509055718674,1999.6890589501463,0.0,0.6614794552468375,0.19228660140074222,0.8183079056865464,0.6074895977808599,181206,107199,32897,0.5915863713122083,0.18154476121099744,230207,84981,76855,0.3691503733596285,0.33385170737640474
20002,0.0085116237960991,15041.0,33941,0.3297919645312846,0.0,0.0,-0.5859143932275531,0.28799280118241255,0.32038834951456313,0.6532593619972261,23087,15910,2928,0.6891324121800148,0.12682461991597002,23294,10209,5756,0.43826736498669183,0.2471022580922126
20003,0.0165982489757019,32899.0,73938,0.3114814213217798,0.0,0.0,-0.18388329481270088,-0.6148301130921405,0.5117891816920943,0.24410540915395285,55738,36289,6947,0.6510639061322616,0.12463669309986006,50111,23554,11738,0.4700365189279799,0.23423998722835307
20100,0.0314910108283105,395545.0,690459,0.3489893618705942,4177.031136305392,1116.7442524342996,0.5565186989803553,1.2345431035986316,0.8002773925104022,0.8862690707350902,428251,243350,86136,0.5682415219112156,0.20113438147254764,559686,190132,217991,0.33971190989233246,0.3894880343621245
20200,0.0199150318857381,179444.0,321496,0.3467245604818336,0.0,100.22015658855388,-0.018987575410635088,1.122874401766098,0.6061026352288488,0.871012482662968,180304,91448,47519,0.5071878605022628,0.2635493388943118,247220,73425,114447,0.2970026696869185,0.4629358466143516
20301,0.0323692961990464,48198.0,95549,0.3119826763639209,551.3117312991392,0.0,0.6001831479286363,-0.5901151424458446,0.8058252427184466,0.2579750346740638,60388,40950,8422,0.6781148572564085,0.13946479432999934,71643,32232,19506,0.44989740798124034,0.2722666555001884
20302,0.0261985824397718,143923.0,265884,0.3417747057076188,758.1523392197138,0.0,0.2934026584727539,0.878815978083033,0.7295423023578363,0.8183079056865464,160489,88786,37357,0.5532217161300774,0.23276984715463364,210130,70246,89839,0.3342978156379384,0.42754009422738304
20401,0.0439004017380499,886625.0,1582997,0.3412643356420284,20365.406428665436,0.0,1.1734585159370823,0.8536515804623419,0.9140083217753121,0.811373092926491,986950,589110,192303,0.5968995389837378,0.19484573686610263,1196324,469942,422875,0.3928216770707601,0.3534786562837492
20402,0.0001613129702739,8202.0,9520,0.2494323039468135,0.0,0.0,-1.0010547711789928,-3.6742349781292303,0.027739251040221916,0.0027739251040221915,4316,1623,1422,0.37604263206672844,0.32947173308619093,10529,2516,5930,0.23895906543831322,0.563206382372495
20403,0.0015289196440289,11004.0,14987,0.2822012047902528,0.0,0.0,-0.9330634396855984,-2.058525699679714,0.10402219140083217,0.026352288488210817,8245,3226,2649,0.39126743480897513,0.32128562765312313,16542,4031,8585,0.2436827469471648,0.5189819852496675
20500,0.0264528931243155,2994351.0,4974945,0.3760213756783552,16535.028627222287,89397.30430425685,0.3060458565405489,2.567388405094891,0.739251040221914,0.9902912621359223,3104231,1466664,913310,0.47247257050135766,0.29421457359326675,3975453,1154443,2009801,0.29039281812663864,0.5055527005350082
20600,0.0327766746466345,730049.0,1193391,0.3457292262674367,8648.055178928607,0.0,0.6204361955371104,1.0737982751958866,0.8085991678224688,0.8585298196948682,682154,334468,164935,0.49031157187379976,0.24178557920938673,1002518,316097,407556,0.3153030668776022,0.4065323515388252
20700,0.0206307318398576,61006.0,118041,0.3208270414871275,0.0,0.0,0.01659384852080702,-0.15403329582445652,0.6213592233009708,0.4618585298196949,71683,38271,17496,0.5338922757139071,0.2440746062525285,90051,31600,34911,0.3509122608299741,0.3876803144884565
20800,0.033612646527819,342747.0,680014,0.3338747655855519,4346.658391301347,0.0,0.6619970056614942,0.4893001192691538,0.8196948682385575,0.7267683772538142,424828,236316,90114,0.5562627698739254,0.2121187868972855,476168,181337,168206,0.38082567497185865,0.3532492733657029
20902,0.0189759265529,81629.0,171947,0.3275956983075174,0.0,0.0,-0.06567572282724271,0.17970330643738358,0.5839112343966713,0.6005547850208044,116061,65255,24871,0.5622474388468133,0.2142924841247275,123134,41994,49702,0.3410430912664252,0.40364156122598144
21001,0.0306344840105032,22421.0,47701,0.3124783781930398,217.56587657750504,0.0,0.5139359886732897,-0.5656739795127841,0.7905686546463245,0.27739251040221913,30094,19381,4136,0.6440154183558184,0.13743603376088256,35073,13634,9246,0.3887320731046674,0.26362158925669316
21002,0.0044327083422821,20504.0,47063,0.3254302217486793,0.0,0.0,-0.7886999587531597,0.07293193241126568,0.1914008321775312,0.5547850208044383,27099,17246,4291,0.6364072474999077,0.15834532639580795,29959,10709,9818,0.3574551887579692,0.32771454320905236
21003,0.0046630025181861,12588.0,32049,0.2989322577808604,0.0,0.0,-0.7772507548589616,-1.2335814122802333,0.19694868238557559,0.08876560332871013,23142,15122,2464,0.6534439547143721,0.10647307924984876,21078,7989,4755,0.37902077996014805,0.2255906632507828
21004,0.0083700508680305,34619.0,67833,0.3099137216161664,0.0,0.0,-0.5929527706115808,-0.6921273948131182,0.31761442441054094,0.20665742024965325,40576,25275,5483,0.622905165615142,0.1351291403785489,55308,19561,15434,0.35367397121573735,0.2790554711795762
21101,0.0162937686586808,46348.0,92542,0.2952346852684188,0.0,0.0,-0.19902070424852533,-1.4158945830708836,0.5006934812760055,0.06796116504854369,54799,36375,6566,0.6637894852095841,0.11981970473913757,71072,30333,16731,0.4267925484016209,0.23540916253939667
21102,0.0259658261666773,31178.0,56993,0.3061734941665932,156.98145813864213,0.0,0.2818310500382295,-0.876543717553372,0.7198335644937587,0.14701803051317613,31560,21233,3380,0.6727820025348542,0.10709759188846642,46943,19121,11156,0.40732377564280087,0.2376499158553991
21201,0.0811061632605063,37329.0,72898,0.3096467132634378,2246.28543152287,0.0,3.0231637811153176,-0.7052925563480847,0.9778085991678225,0.20249653259361997,42764,29335,4523,0.6859741838929941,0.10576653259751193,52578,21634,10496,0.4114648712389212,0.19962722051047968
21202,0.0211303560058429,13970.0,33969,0.2864267603295441,2.787534075762885,0.0,0.04143294366674283,-1.8501797034543435,0.6352288488210819,0.030513176144244106,23105,15420,2466,0.6673880112529755,0.10673014499026184,20620,8760,4162,0.4248302618816683,0.20184287099903006
21301,0.0166203290407688,78582.0,149925,0.3206564150802797,0.0,0.0,-0.1827855720155187,-0.16244623191924967,0.5173370319001387,0.4507628294036061,85000,49201,15089,0.578835294117647,0.17751764705882353,108759,37295,33013,0.34291414963359357,0.30354269531716915
21302,0.0478382270290826,60374.0,109871,0.3063165898273066,1624.5078614412619,0.0,1.369229705025065,-0.869488217345259,0.9306518723994452,0.14979195561719832,58720,34742,10040,0.5916553133514987,0.1709809264305177,82479,32367,23118,0.3924271632779253,0.2802895282435529
21400,0.020028293290969,163555.0,254139,0.3221480464463573,0.0,0.0,-0.013356721235788157,-0.08889958933540379,0.6074895977808599,0.4882108183079057,118482,70365,19135,0.5938876791411354,0.16150132509579515,212689,75552,59106,0.35522288411718517,0.27789871596556476
21501,0.0261048023231608,1886145.0,2904389,0.3690649102285869,9758.883059151072,43190.55813031298,0.2887403274690007,2.2243916770049275,0.7226074895977809,0.9791955617198336,1588714,690215,429338,0.43444886870764654,0.270242472842815,2439535,616389,1126869,0.2526665942484941,0.46191958713443343
21502,0.0261052503500185,23475.0,41526,0.2973330250810622,121.46977947744878,0.0,0.2887626013750765,-1.312433465445184,0.723994452149792,0.07766990291262135,21834,15594,2031,0.7142071997801593,0.09302006045616927,33754,15763,5682,0.46699650411803045,0.16833560466907627
21600,0.0089363496214107,75878.0,141542,0.3107934943983925,0.0,0.0,-0.5647989110229525,-0.6487491608600991,0.33841886269070737,0.2260748959778086,78910,48561,9726,0.6153972880496769,0.12325434038778355,118137,42191,31589,0.3571362062689928,0.26739294209265513
21701,0.0636103542350425,140010.0,228867,0.3057652121357101,5975.561749346367,0.0,2.1533498397067965,-0.8966745442989398,0.9639389736477115,0.14008321775312066,129265,66894,27659,0.5174950682706069,0.21397129926894365,190407,56676,76751,0.29765712395027494,0.4030891721417805
21702,0.0223829941235516,33846.0,71187,0.295102039643999,49.15032432955427,0.0,0.10370854902668826,-1.4224348319228275,0.6699029126213593,0.06657420249653259,47251,30175,5789,0.638610823051364,0.12251592558887643,48508,20716,10358,0.42706357714191473,0.21353178857095736
21801,0.0306964281647308,34365.0,78179,0.3240061774828391,335.59516412197166,0.0,0.5170155769825533,0.002717751464714646,0.7919556171983356,0.5256588072122053,52606,29372,7358,0.5583393529255218,0.13986997680872904,50980,20289,11849,0.39797959984307574,0.23242448018830913
21802,0.0088167335919524,30849.0,72111,0.3040614726331734,0.0,0.0,-0.5707456888991476,-0.9806794285476181,0.3342579750346741,0.1276005547850208,46452,31175,5722,0.6711228795315595,0.12318091793679498,45900,19632,10939,0.4277124183006536,0.23832244008714598
21900,0.0178830657904999,54693.0,113442,0.3121712469414903,0.0,0.0,-0.12000790751046865,-0.5808174478641104,0.5561719833564494,0.26490984743411927,72459,45640,10246,0.6298734456727253,0.14140410439006887,76998,36158,17037,0.4695966128990363,0.22126548741525753
22001,0.0107422964030425,103808.0,222112,0.3230861529627,0.0,0.0,-0.4750152556447442,-0.04264514186795719,0.37725381414701803,0.5006934812760055,135895,84964,20382,0.6252179991905515,0.14998344309945177,146111,56692,41739,0.38800637871207505,0.28566637693260605
22002,0.0377705497830973,12935.0,29516,0.3122692406711548,217.82191962761127,0.0,0.8687094939611352,-0.575985751524789,0.8613037447988904,0.26768377253814146,20591,12347,2549,0.5996309067068136,0.1237919479384197,19050,7910,4006,0.4152230971128609,0.21028871391076115
22100,0.0150996690508462,119809.0,203768,0.3260770068763643,0.0,0.0,-0.2583860348150236,0.1048224354512251,0.47434119278779474,0.5686546463245492,110226,53211,30285,0.4827445430297752,0.2747536878776332,158877,46973,66870,0.2956563882752066,0.42089163315017275
22200,0.0413765405765929,149599.0,252901,0.3442778489349328,3058.659524669068,0.0,1.047983345213641,1.0022364051819481,0.8959778085991679,0.8502080443828016,145188,78698,27100,0.5420420420420421,0.1866545444527096,202303,67581,65554,0.3340583184628997,0.3240386944335971
22300,0.0112800476863834,67228.0,142385,0.3143681309504677,0.0,0.0,-0.4482806495125286,-0.4724974924911554,0.3925104022191401,0.31622746185852985,91778,60080,12072,0.6546231122927063,0.13153479047266228,95779,41649,24746,0.43484479896428235,0.25836561250378476
22400,0.0402449157838681,100782.0,195533,0.3009917139619488,1946.5133172514081,0.0,0.9917239850592758,-1.1320374979377141,0.8765603328710125,0.10402219140083217,119153,78664,15524,0.6601931969820315,0.13028627059327083,142025,59159,36158,0.4165393416651998,0.2545889808132371
22500,0.027234707909059,317319.0,549651,0.3220787675625088,2000.3437725277395,0.0,0.34491421629341656,-0.09231546635762801,0.7545076282940361,0.4868238557558946,309231,196196,46949,0.6344642031361668,0.15182501107586238,430920,170956,122783,0.39672328970574583,0.28493223800241346
22601,0.0238600480881192,183984.0,310560,0.3344854877896093,538.9313122598796,0.0,0.177141113861144,0.5194124973548601,0.6851595006934813,0.7323162274618585,169649,104117,26833,0.6137200926619079,0.15816774634686911,251736,92195,79265,0.36623685130454126,0.3148735182890012
22602,0.0190772271915685,31753.0,65966,0.3078778626969783,0.0,0.0,-0.06063950485874489,-0.7925078183452371,0.5866851595006934,0.17614424410540916,39126,29028,3489,0.741910749884987,0.08917343965649441,46608,23492,8569,0.5040336422931686,0.18385255750085822
22700,0.0181981336078496,191810.0,370092,0.3160816158626829,0.0,0.0,-0.10434413456798508,-0.3880120993320591,0.565880721220527,0.34951456310679613,214490,142148,28277,0.6627255349899762,0.13183365191850435,271261,117475,66973,0.4330699953181622,0.2468950567903237
22800,0.0410736708277556,164082.0,305307,0.3263968851157275,3305.0794383155458,0.0,1.032926006076813,0.12059440906066887,0.8932038834951457,0.5769764216366158,170674,105239,27173,0.6166082707383667,0.15920995582221076,227586,85282,65756,0.3747242800523758,0.28892814144982554
22900,0.0263329156501314,117163.0,220109,0.3285209405400027,632.9258674662365,0.0,0.30008110923744175,0.225323465227029,0.7337031900138696,0.6255201109570042,124578,74760,19659,0.6001059577132399,0.15780474883205703,164083,58632,47972,0.357331350596954,0.29236423029808084
23000,0.0216949061869487,57855.0,116624,0.2956941997355691,44.20627291493851,0.0,0.06949987200574333,-1.3932376806711442,0.6504854368932039,0.06934812760055478,69218,46549,8784,0.672498483053541,0.12690340662833366,82562,34929,20486,0.42306387926649064,0.2481286790533175
23100,0.0150889936549093,387688.0,590755,0.365909362478017,0.0,7654.242739026017,-0.25891676810106123,2.0688036759442485,0.47295423023578365,0.9722607489597781,318512,146409,88560,0.45966556990003515,0.2780428994825941,511885,131631,244308,0.25714955507584714,0.47727126209988574
23200,0.0349350718742072,80727.0,163189,0.3431723959388239,1130.5213339350876,0.0,0.7277421221683289,0.9477307422902825,0.8363384188626907,0.840499306518724,100900,67672,13916,0.6706838453914767,0.13791873141724478,117722,48509,33833,0.4120640152223034,0.2873974278384669
23301,0.0251415525399018,42614.0,101161,0.2998951147110498,179.43620548782343,0.0,0.2408518251815106,-1.1861066164865297,0.7018030513176144,0.09431345353675451,59679,37566,8431,0.6294676519378676,0.14127247440473198,60554,25873,14749,0.42727152624104103,0.24356772467549626
23302,0.025353049565935,48787.0,101195,0.2924200633315,215.7473699684856,0.0,0.25136651824556794,-1.5546728350645787,0.7073509015256588,0.04854368932038835,63170,42490,6279,0.6726294126958999,0.09939844863067912,67764,29188,14284,0.43073018121716544,0.21079039017767545
23400,0.0218539716535052,106999.0,206909,0.308889345085999,98.77642688841006,0.0,0.07740790073457361,-0.7426354869924983,0.6532593619972261,0.1914008321775312,109982,60896,24874,0.5536906039170046,0.22616428142787,142349,45936,57481,0.32269984334277024,0.4038033284392584
23500,0.0175408259358565,182896.0,382083,0.3194426426293189,0.0,0.0,-0.13702255350032824,-0.22229271320079844,0.5450762829403606,0.42995839112343964,228895,121740,50553,0.531859586273182,0.22085672469909784,250772,91359,86181,0.36431100760850493,0.343662769368191
23600,0.0252012595985737,59428.0,136489,0.3101562858325318,253.78375284298198,0.0,0.24382019503269778,-0.6801674802321007,0.7045769764216366,0.21220527045769763,91007,58302,11123,0.6406320392936807,0.12222136758710868,86365,37347,19545,0.4324321194928501,0.22630695304810977
23700,0.0187370714906095,59122.0,145734,0.2963591478131534,0.0,0.0,-0.07755053598129015,-1.3604516319790267,0.579750346740638,0.07350901525658807,94319,58659,13353,0.6219213520075488,0.14157274780266965,85603,37680,19176,0.4401714893169632,0.2240108407415628
23801,0.0130541349289379,192276.0,382351,0.3303021207311173,0.0,0.0,-0.36008090895734746,0.3131466538998512,0.42718446601941745,0.6699029126213593,240005,135852,40786,0.566038207537343,0.16993812628903565,267149,98192,79678,0.36755518455992725,0.29825303482326343
23802,0.0207863882375242,32400.0,70445,0.3021464000444521,0.0,0.0,0.02433239348107642,-1.0751043396938476,0.624133148404993,0.11095700416088766,46204,30164,5596,0.6528439096182149,0.12111505497359536,46082,20292,9921,0.440345471116705,0.2152901349767805
23900,0.0238109158979132,258982.0,529703,0.3284200841434762,745.893293822784,0.0,0.17469847951648948,0.22035062172405562,0.6837725381414702,0.6199722607489597,333655,198363,49115,0.5945152927425035,0.14720294915406631,361494,136576,102580,0.3778098668304315,0.2837668121739227
24000,0.0345443643790058,324652.0,584474,0.3125387841183861,4419.6647832835215,0.0,0.7083178802916392,-0.5626955941674343,0.8294036061026352,0.2787794729542302,326201,198576,48367,0.6087534986097529,0.1482736104426412,437481,164540,127409,0.37610776239425253,0.2912332192712369
24100,0.0214443178972392,902952.0,1660659,0.3493947261166606,463.664992261022,2915.333527045106,0.057041734881257806,1.25453006552483,0.6477115117891817,0.8918169209431346,1004924,540499,205844,0.5378506235297396,0.20483539053699584,1204135,405719,457876,0.3369381340132128,0.38025304471674687
24200,0.0176752273092137,65566.0,135167,0.3139436102375814,0.0,0.0,-0.13034071397405078,-0.49342898659226764,0.550624133148405,0.29819694868238555,80399,51997,9219,0.646736899712683,0.11466560529359818,90573,40193,18629,0.443763594007044,0.20567939672970972
24300,0.0246334923219804,4564787.0,8183799,0.3563601073807296,16901.915732963385,46533.6701255028,0.21559332699032047,1.5979663983473227,0.694868238557559,0.9389736477115118,4679858,2336899,1143660,0.4993525444575455,0.24437920979653657,5923642,1909844,2544236,0.32241043601216957,0.4295053617352298
24400,0.0354138560669551,312689.0,622573,0.3146237348445007,4528.686424525808,0.0,0.7515451463766999,-0.45989464123379803,0.841886269070735,0.3231622746185853,358270,213174,55969,0.595009350489854,0.15622016914617468,432050,179489,107179,0.41543571345909036,0.24807082513597964
24500,0.0259759936157761,59460.0,111509,0.3352546918729155,299.9860916098107,0.0,0.2823365304628172,0.5573390112882054,0.7212205270457698,0.7447988904299584,62407,41135,8194,0.6591408015126509,0.13129937346771997,78893,34720,20204,0.4400897418021878,0.25609369652567404
24600,0.0535493646196274,77562.0,137456,0.3284504092112705,2529.959647031797,0.0,1.6531621079409937,0.22184583493364696,0.9472954230235784,0.6213592233009708,79571,60499,6040,0.7603146875117819,0.07590705156401202,105617,55161,17770,0.5222738763646004,0.1682494295425926
24701,0.0205287207664941,1282340.0,2325609,0.3548128461711783,0.0,11088.124038778315,0.011522310893682854,1.5216768607640823,0.6185852981969486,0.9292649098474342,1430584,766130,304092,0.535536536127903,0.2125649385146206,1721728,537227,678106,0.3120277999776968,0.3938519905583228
24702,0.0416431978283373,18093.0,37989,0.3082954477029226,374.74907286624364,0.0,1.0612403597825235,-0.7719182974495223,0.9001386962552012,0.18169209431345354,23281,17251,2293,0.7409905072806151,0.09849233280357372,25107,13418,4290,0.5344326283506592,0.1708686820408651
24801,0.030287736809903,37912.0,84748,0.307206448373516,354.7394737192834,0.0,0.4966972574555755,-0.8256126929116699,0.7864077669902912,0.1664355062413315,55262,37979,6903,0.6872534472150845,0.12491404581810285,53465,27787,10916,0.5197231833910034,0.2041709529598803
24802,0.004067992672824,136995.0,267992,0.371636044014247,0.0,3489.2609151394167,-0.8068320024604889,2.351164458718714,0.18585298196948682,0.9833564493758669,168345,94901,32015,0.5637292464878672,0.19017493837060798,189563,72542,60807,0.38268016437806956,0.3207746237398649
24900,0.012630676866937,193274.0,382997,0.3085782717088685,0.0,0.0,-0.38113336359915007,-0.7579733264918989,0.4174757281553398,0.18723994452149792,239219,151574,30453,0.6336202391950472,0.12730176114773492,266410,102555,73946,0.38495176607484705,0.2775646559813821
25000,0.0267721749429306,70917.0,152421,0.3200148727027221,414.2514500862071,0.0,0.32191913091531416,-0.19407823498492136,0.7434119278779473,0.44382801664355065,95394,64319,11383,0.6742457596913852,0.11932616307105269,100496,48750,23353,0.48509393408692886,0.23237740805604204
25101,0.0286151192124468,31443.0,64068,0.3303429744869851,241.61745631585583,0.0,0.4135421371181746,0.31516099648431645,0.768377253814147,0.6726768377253814,38099,26656,3614,0.6996509094726896,0.09485813275939001,52179,24344,9268,0.4665478449184538,0.1776193487801606
25102,0.1162416526734186,45323.0,90551,0.3385566699783246,4319.772921406824,0.0,4.769944309245392,0.7201469335812349,0.9958391123439667,0.7864077669902912,53147,41422,3954,0.7793854780138108,0.07439742600711235,65595,36059,10702,0.5497217775745102,0.16315267932007013
25103,0.0196555701585241,39326.0,76174,0.3126468914981058,0.0,0.0,-0.031886860448795185,-0.5573652323919036,0.6033287101248266,0.2829403606102635,41724,29337,4206,0.7031205061834915,0.1008052919183204,58094,28490,10353,0.490412090749475,0.17821117499225395
25104,0.0507523307981845,25245.0,51737,0.3256982997346017,752.8440691475266,0.0,1.5141060054800397,0.08614983347154986,0.9389736477115118,0.5575589459084604,30525,22311,2970,0.730909090909091,0.0972972972972973,40039,21054,6722,0.5258373086240915,0.16788631084692424
25105,0.0102945183842679,33916.0,64601,0.3437061202234467,0.0,0.0,-0.4972767905540228,0.9740466472063155,0.37031900138696255,0.8432732316227461,38363,27993,3725,0.7296874592706514,0.09709876704115945,48678,24385,8450,0.5009449854143556,0.17358971198488024
25200,0.0190935181355582,73979.0,151629,0.311264688082792,0.0,0.0,-0.059829591457179754,-0.6255164008884281,0.5880721220527045,0.23855755894590847,96025,69193,8821,0.7205727675084613,0.09186149440249936,102802,52566,17550,0.5113324643489426,0.17071652302484389
25300,0.0698510102036527,53788.0,117387,0.33281238917243,2631.319252563528,0.0,2.4636075452596584,0.43691839807295335,0.9694868238557559,0.7087378640776699,72626,54315,6656,0.7478726626827857,0.09164761930988902,75449,41997,14554,0.5566276557674721,0.19289851422815413
25401,0.01355533748461,69312.0,138654,0.3171228630396318,0.0,0.0,-0.33516334328440966,-0.3366721800288922,0.43411927877947293,0.37309292649098474,89280,58820,9912,0.6588261648745519,0.11102150537634409,99053,41308,23401,0.41702926716000527,0.23624726156703987
25402,0.1279431135551649,17160.0,34177,0.3687759601674447,1836.3309771512397,387.98594388015596,5.3516889884983465,2.2101446536755045,0.9986130374479889,0.9778085991678225,18542,11161,3596,0.6019307518067091,0.19393808650631,23637,9912,7371,0.4193425561619495,0.3118416042645006
25500,0.015950458248139,66850.0,141040,0.3098972577150107,0.0,0.0,-0.21608857352426608,-0.6929391668644261,0.49514563106796117,0.20527045769764216,88428,59275,8604,0.6703193558601348,0.09729949789659384,93340,38943,19312,0.4172166273837583,0.20689950717805872
25601,0.0173745446925148,122541.0,265022,0.3104594684338829,0.0,0.0,-0.1452893186120672,-0.6652187047328,0.5395284327323162,0.22191400832177532,166441,104147,23014,0.6257292373874226,0.13827121923083854,171784,70994,38992,0.41327481022679646,0.22698272248870674
25602,0.0098893745396382,16086.0,37978,0.2975906511587841,0.0,0.0,-0.5174187436252909,-1.2997309080376422,0.361997226074896,0.08183079056865465,26192,18142,2275,0.6926542455711667,0.08685858277336592,23375,10372,4188,0.44372192513368985,0.1791657754010695
25701,0.0512973371874848,90943.0,184036,0.3310285060293159,2761.6222772221095,0.0,1.541201303267079,0.3489619371660193,0.9403606102635229,0.6865464632454924,110667,80067,13160,0.723494808750576,0.11891530447197449,126288,63342,30699,0.5015678449258837,0.2430872291904219
25702,0.028416648345269,33622.0,73576,0.3291012121414398,251.68855931072267,0.0,0.4036750468348138,0.25393444046059016,0.7656033287101248,0.6393897364771152,44936,34356,3463,0.7645540324016379,0.07706515933772476,47763,26934,6846,0.5639093021795113,0.1433327052320834
25800,0.0549884560638096,39755.0,105181,0.3055484851658022,1353.961367459581,0.0,1.7247073448196995,-0.9073605229908557,0.9486823855755895,0.13869625520110956,68066,51323,6135,0.7540181588458261,0.09013310610290012,53720,31576,7164,0.5877885331347729,0.13335815338793747
25900,0.0852835173355197,116176.0,198671,0.3246719405973666,7476.239099325568,0.0,3.230843277808385,0.03554398651394024,0.9833564493758669,0.536754507628294,113401,83903,11844,0.7398788370472924,0.10444352342571935,153432,76100,33312,0.4959851921372334,0.21711246676051932
26001,0.0208664562432506,9501.0,20860,0.2950104518801528,0.0,0.0,0.028313019214944227,-1.426950674567223,0.6282940360610264,0.0638002773925104,11750,7570,1218,0.6442553191489362,0.1036595744680851,13457,5377,3001,0.39956899754774466,0.22300661365831909
26002,0.0095028830569165,143045.0,286544,0.3252494267358213,0.0,0.0,-0.5366333840810542,0.06401762121212881,0.3522884882108183,0.550624133148405,183220,105418,29629,0.5753629516428338,0.16171269512062003,204752,65564,64704,0.3202117683832148,0.31601156521059626
26003,0.0014769576582693,2779.0,5168,0.3272769000159266,0.0,0.0,-0.9356467589005708,0.1639845809257141,0.09986130374479889,0.5963938973647711,2760,1359,571,0.4923913043478261,0.2068840579710145,4536,1132,2116,0.2495590828924162,0.46649029982363316
26004,0.0209869225462098,5631.0,14355,0.3162488907845305,0.3159199168390143,0.0,0.03430206891429525,-0.37976441215535645,0.6324549237170597,0.3536754507628294,10849,6917,1126,0.6375702829753894,0.10378836759148309,9011,3344,1981,0.37110198646099213,0.21984241482632338
26101,0.0208347188230657,26660.0,56535,0.3116289880840271,0.0,0.0,0.026735175601025812,-0.6075541599531304,0.6269070735090153,0.2524271844660194,37066,25902,3778,0.6988075325095775,0.10192629363837478,37866,20282,7107,0.5356256272117467,0.1876881635240057
26102,0.0251899287143706,22209.0,48599,0.3142714995190984,94.59057099153841,0.0,0.24325687378050545,-0.4772620191073868,0.7031900138696255,0.3092926490984743,32311,22969,3892,0.7108724582959364,0.12045433443718857,30967,16526,6290,0.5336648690541544,0.20311944973681662
26103,0.0193735698730517,8961.0,22192,0.3348042407820975,0.0,0.0,-0.045906662529858075,0.5351289893408833,0.5936199722607489,0.7378640776699029,15718,11670,1652,0.742460872884591,0.10510243033464818,13381,7266,2749,0.5430087437411255,0.20544055003362977
26104,0.0044546252785798,6004.0,14189,0.3194420550948386,0.0,0.0,-0.7876103459940723,-0.22232168228083407,0.1927877947295423,0.42857142857142855,10001,6791,960,0.679032096790321,0.09599040095990401,8979,4746,1533,0.5285666555295689,0.17073170731707318
26105,0.0015457789416624,5074.0,12442,0.3474597074480517,0.0,6.5639840076224125,-0.9322252702644169,1.1591216894007228,0.10540915395284327,0.8793342579750347,8032,6191,616,0.7707918326693227,0.07669322709163347,7454,3913,1394,0.5249530453447814,0.1870136839280923
26106,0.0143697891462091,12814.0,29873,0.3298681647959806,0.0,0.0,-0.29467242292564383,0.2917499450450581,0.4563106796116505,0.6546463245492372,20439,14256,2066,0.6974900924702774,0.10108126620676158,19088,9395,3481,0.4921940486169321,0.18236588432523052
26107,0.0357429059829221,15750.0,38491,0.3384054177816593,233.2903723532613,0.0,0.7679040471803632,0.7126892657544854,0.8446601941747572,0.7808599167822469,22367,14276,3736,0.6382617248625206,0.16703178790181963,22133,10513,6164,0.4749920932544165,0.27849817015316497
26201,0.0014338052564755,76827.0,114739,0.3462699535453209,0.0,7.982084631418206,-0.9377921047162963,1.1004594709486035,0.0970873786407767,0.8682385575589459,66751,33186,13094,0.4971610912196072,0.1961618552531048,105660,31703,36843,0.30004732159757713,0.3486939239068711
26202,0.0022096693562438,1054.0,2841,0.345681342775612,0.0,0.0,-0.8992195865986925,1.0714373231946186,0.12482662968099861,0.8571428571428571,2454,1683,219,0.6858190709046454,0.08924205378973105,1728,731,358,0.4230324074074074,0.20717592592592593
26203,0.0015227232352599,3434.0,10029,0.3266221100711619,0.0,0.0,-0.9333714976168491,0.13169939094493435,0.10263522884882108,0.5839112343966713,8340,5991,772,0.7183453237410072,0.09256594724220624,5707,2367,1291,0.4147538111091642,0.2262134221131943
26204,1.731054375397889e-07,1006.0,2753,0.3140317356863386,0.0,0.0,-1.0090659297797386,-0.4890838574741199,0.009708737864077669,0.30374479889042993,2235,1473,252,0.6590604026845638,0.11275167785234899,1661,631,435,0.3798916315472607,0.26189042745334135
26301,0.0226872456528428,9113.0,22745,0.3167250496472046,16.006317459940956,0.0,0.11883458415242505,-0.3562868382167559,0.6740638002773925,0.3647711511789182,15637,9024,2076,0.5770927927351793,0.13276203875423676,13476,5005,3421,0.3714010092015435,0.2538587117839121
26302,0.0018717986062295,2847.0,6516,0.3312209912212217,0.0,0.0,-0.9160170201057034,0.3584526464214866,0.11511789181692095,0.6893203883495146,4733,2877,549,0.6078597084301711,0.1159940840904289,4246,1378,1245,0.3245407442298634,0.2932171455487518
26303,0.0193583117158681,6494.0,16550,0.3551080103396393,0.0,58.06904707917192,-0.04666523035711213,1.5362302779789818,0.5908460471567267,0.9306518723994452,9109,5570,1089,0.6114831485344165,0.11955209133823691,8545,3442,1617,0.40280866003510823,0.18923346986541836
26304,0.0010905463963268,41254.0,74541,0.324911487632134,0.0,0.0,-0.9548574111353816,0.04735513540013412,0.08321775312066575,0.5423023578363384,45833,23334,7839,0.5091091571575066,0.17103397115615387,54166,18820,15559,0.3474504301591404,0.2872466122659971
26305,0.0004240935961743,4021.0,11487,0.3248823950244291,0.0,0.0,-0.9879904852344241,0.04592069008786478,0.04854368932038835,0.5395284327323162,9195,6023,1065,0.6550299075584557,0.11582381729200653,6516,2821,1566,0.4329343155310006,0.24033149171270718
26401,0.0001347201770123,1167.0,2713,0.3175103736022072,0.0,0.0,-1.0023768467850005,-0.3175655150100795,0.023578363384188627,0.3814147018030513,2046,1185,275,0.5791788856304986,0.13440860215053763,1812,678,454,0.3741721854304636,0.25055187637969095
26402,0.0002036377891414,1246.0,2837,0.3170888624786794,0.0,0.0,-0.9989505691118028,-0.3383486177606826,0.036061026352288486,0.37170596393897365,2013,1331,214,0.6612021857923497,0.10630899155489319,1860,675,302,0.3629032258064516,0.16236559139784945
26403,0.0026052010960899,1651.0,4009,0.314472469393533,0.0,0.0,-0.8795555046984508,-0.4673529625795455,0.14008321775312066,0.31900138696255204,2982,1749,395,0.5865191146881288,0.13246143527833668,2583,1035,711,0.40069686411149824,0.27526132404181186
26404,0.0166272264687512,3426.0,8671,0.3430354546617417,0.0,0.0,-0.18244266252158106,0.9409786912208365,0.5187239944521498,0.8377253814147018,7273,4474,877,0.6151519318025575,0.12058297813831981,5461,2255,1300,0.4129280351583959,0.23805163889397546
26405,0.0001260396436277,687.0,2017,0.3340436603339594,0.0,0.0,-1.0028084043623493,0.4976276739035654,0.022191400832177532,0.7309292649098474,1587,973,182,0.6131064902331443,0.1146817895400126,1160,418,281,0.3603448275862069,0.24224137931034484
26406,0.0370989663859502,5546.0,12597,0.3313642155995296,89.66854623780887,0.0,0.8353213493599421,0.36551449320230806,0.855755894590846,0.6976421636615812,7776,4697,924,0.6040380658436214,0.11882716049382716,7340,2894,1583,0.39427792915531334,0.2156675749318801
26407,8.98767460455474e-08,1792.0,4105,0.3150913085600947,0.0,0.0,-1.0090700675407351,-0.43684036809068044,0.008321775312066574,0.3356449375866852,3291,1998,385,0.6071103008204193,0.11698571862655728,2625,1053,687,0.40114285714285713,0.26171428571428573
26408,0.0008543036589152,5513.0,12276,0.3205573787798758,0.0,0.0,-0.9666023510954628,-0.16732933343768114,0.07350901525658807,0.44937586685159503,8762,5393,1155,0.6154987445788632,0.13181921935631136,8369,2916,2145,0.3484287250567571,0.25630302306129765
26409,0.0012659156977603,5572.0,12051,0.3211050409130765,0.0,0.0,-0.9461388281273067,-0.14032620646996538,0.09292649098474341,0.46879334257975036,8317,4729,1115,0.5685944451124203,0.1340627630155104,8163,2719,1792,0.33308832537057453,0.21952713463187554
26410,0.0062024795623649,19418.0,27124,0.3063623190559617,0.0,0.0,-0.7007147916716517,-0.8672334838286431,0.2510402219140083,0.15117891816920942,17230,9896,2417,0.5743470690655833,0.14027858386535114,25140,9615,7428,0.38245823389021477,0.2954653937947494
26411,0.0033051180258696,17874.0,22035,0.3060493087773254,0.0,0.0,-0.8447587426588005,-0.8826668245396717,0.1664355062413315,0.14424410540915394,15074,8861,2030,0.5878333554464641,0.13466896643226747,22458,9498,4718,0.4229227892065188,0.21008104016386142
26412,0.000923191937006,22709.0,24286,0.3004500042400909,0.0,0.0,-0.9631775317804031,-1.1587471342484896,0.07905686546463246,0.09847434119278779,17757,9923,2392,0.5588218730641438,0.1347074393197049,27652,11286,6761,0.40814407637783884,0.24450311008245335
26501,0.0193896410105136,19845.0,40630,0.3084127904879883,0.0,0.0,-0.04510767693288984,-0.7661325731282954,0.59500693481276,0.18446601941747573,21286,11225,4618,0.5273419148736258,0.2169501080522409,27085,8310,10295,0.3068118884991693,0.3800996861731586
26502,0.0074596860896836,6084.0,14160,0.3162981794079527,0.0,0.0,-0.6382120652701437,-0.3773341784845445,0.2884882108183079,0.3550624133148405,8837,5385,1452,0.6093696955980537,0.16430915469050583,9346,3197,2939,0.3420714744275626,0.3144660817462016
26503,0.0141580657750342,155109.0,200630,0.3461245872556474,0.0,0.0,-0.305198368865149,1.0932920147033829,0.44937586685159503,0.8654646324549237,102901,53206,21475,0.5170600868796221,0.20869573667894384,198523,62275,74219,0.31369161255874634,0.3738559260136105
26504,0.0185873930738641,20407.0,40078,0.3119993200472207,0.0,0.0,-0.08499188227305737,-0.5892945060240274,0.5742024965325936,0.2593619972260749,23359,15451,2775,0.6614581103643136,0.11879789374545144,28820,12782,6340,0.4435114503816794,0.21998612074947954
26601,0.0123163158321433,7258.0,17801,0.3076475280092123,0.0,0.0,-0.3967619984511426,-0.8038647416045909,0.4133148404993065,0.17475728155339806,12813,8717,1240,0.6803246702567705,0.0967767111527355,11228,4938,2659,0.4397933737085857,0.2368186676166726
26602,0.0382458540949777,8797.0,20859,0.3109983586892765,152.320365055508,0.0,0.8923395139438318,-0.6386480855391505,0.8640776699029126,0.23439667128987518,14190,9441,1511,0.6653276955602537,0.10648343904157857,13392,5832,2821,0.43548387096774194,0.21064814814814814
26603,5.527343871492008e-08,3197.0,8225,0.3526446670809378,0.0,20.71211745843152,-1.0090717878635331,1.4147722352418861,0.006934812760055479,0.9167822468793343,4109,2770,419,0.6741299586274032,0.1019712825504989,4058,1931,717,0.4758501724987679,0.1766880236569739
26604,4.6967177480539135e-08,3382.0,7756,0.3302079296858033,0.0,0.0,-1.009072200813961,0.3085024533943847,0.005547850208044383,0.6643550624133149,5582,3575,757,0.6404514510927983,0.135614475098531,5023,1906,1564,0.37945450925741586,0.3113677085407127
26605,0.0068628737605389,24921.0,52825,0.3257615120100862,0.0,0.0,-0.6678829243621136,0.0892665892181091,0.26629680998613037,0.5617198335644937,34761,20128,6045,0.5790397284312879,0.17390178648485372,35325,13137,11252,0.3718895966029724,0.31852795470629863
26701,0.0125666524417606,53778.0,101639,0.3128719256686521,0.0,0.0,-0.3843163737433536,-0.546269657381411,0.4147018030513176,0.2857142857142857,55571,33172,8390,0.5969300534451423,0.15097802810818592,78651,28163,22688,0.35807554894406934,0.2884642280454158
26702,0.0012009261552221,11447.0,31090,0.3114396082388352,0.0,0.0,-0.9493698196215105,-0.6168917564288193,0.08876560332871013,0.24271844660194175,23403,14176,3014,0.6057343075674059,0.12878690766141093,17552,7046,3993,0.40143573381950776,0.2274954421148587
26703,0.0085416547818557,13054.0,28038,0.3174657199134423,0.0,0.0,-0.584421385956651,-0.3197672177647468,0.3217753120665742,0.37725381414701803,18468,11643,2151,0.6304418453541261,0.11647173489278752,18662,7375,3712,0.39518808273496947,0.1989068695745365
26704,0.004534678233242,52560.0,108213,0.3346172652486794,0.0,0.0,-0.7836304685322879,0.5259099402909942,0.1941747572815534,0.7337031900138696,67098,31552,13992,0.4702375629675996,0.20853080568720378,70971,20584,24388,0.29003395753194966,0.3436333150159924
26801,0.0060227992511416,141916.0,206945,0.3512840040056218,0.0,726.3186129574069,-0.7096476989451126,1.3476831385970165,0.24271844660194175,0.9084604715672677,110624,48932,24839,0.44232716227943303,0.22453536303153024,182324,44620,72707,0.24472916346723417,0.39877909655338845
26802,0.0126013863864278,6954.0,16013,0.3094905312448349,0.0,0.0,-0.382589556237077,-0.7129932948558949,0.4160887656033287,0.19972260748959778,11110,6689,1385,0.602070207020702,0.12466246624662466,10088,3816,2378,0.3782712133227597,0.23572561459159397
26803,0.0035953255776699,17478.0,38384,0.3297823062063382,0.0,0.0,-0.8303309117370895,0.287516586087351,0.17337031900138697,0.651872399445215,26370,15340,4144,0.5817216533940084,0.1571482745544179,25499,10249,6942,0.40193733087572064,0.2722459704302129
26804,0.0244537750078421,995.0,2754,0.3499770174576416,3.505341377668093,3.7919059758179054,0.20665858009622276,1.2832406263971254,0.6920943134535368,0.8987517337031901,2285,1370,277,0.5995623632385121,0.1212253829321663,1661,570,432,0.3431667670078266,0.2600842865743528
26901,0.0082486719457102,59383.0,117558,0.3103697199961208,0.0,0.0,-0.5989871916934342,-0.6696438572367361,0.3120665742024965,0.217753120665742,69831,42802,8976,0.6129369477739113,0.1285389010611333,90398,30282,25484,0.33498528728511695,0.28190889178964135
26902,0.0195386305015419,35258.0,69851,0.3134678946787642,0.0,0.0,-0.03770058096886999,-0.5168847029117132,0.6005547850208044,0.2912621359223301,41236,29319,3754,0.7110049471335727,0.09103695799786594,51215,23858,9282,0.4658400859123304,0.18123596602557845
27001,0.000299692185937,5714.0,14875,0.3124508990877064,0.0,0.0,-0.9941751709953284,-0.5670288691889072,0.04299583911234397,0.27461858529819694,10616,6831,1295,0.6434626978146194,0.12198568198944988,8813,3488,2482,0.39577896289572223,0.2816294110972427
27002,0.0012649831925792,3849.0,9975,0.3458681118946828,0.0,0.0,-0.9461851881444843,1.080646194741829,0.09153952843273232,0.8613037447988904,7430,4853,869,0.6531628532974428,0.11695827725437416,6115,2268,1547,0.3708912510220769,0.2529844644317253
27003,0.0153083951867034,2170.0,6264,0.3420828405358026,0.0,0.0,-0.2480090981074564,0.8940089289631573,0.47711511789181693,0.8252427184466019,4543,2891,474,0.6363636363636364,0.10433634162447722,3548,1384,862,0.3900789177001127,0.24295377677564825
27004,0.0014089732272264,4324.0,11222,0.3188192306291507,0.0,0.0,-0.9390266429535904,-0.2530307766403043,0.0957004160887656,0.4160887656033287,8004,5256,847,0.656671664167916,0.10582208895552224,6772,3274,1325,0.48346131128174835,0.19565859421145895
27005,0.020347277755587,22318.0,47901,0.3239248305915393,0.0,0.0,0.0025017700185259615,-0.0012931528885943425,0.6144244105409153,0.5228848821081831,30169,19042,4082,0.6311776989625112,0.13530445158937981,32853,13372,8583,0.4070252336164125,0.2612546799379052
27006,0.0208959715444467,13407.0,27613,0.3305974953883928,0.0,0.0,0.02978038893919503,0.3277104495138372,0.6310679611650486,0.680998613037448,16889,9960,2460,0.5897329622831429,0.14565693646752323,19131,8205,4283,0.4288850556688098,0.22387747634728974
27007,0.0060768127977918,9665.0,19318,0.3407171671716574,0.0,0.0,-0.706962385231818,0.826672794122291,0.24687933425797504,0.8044382801664355,13744,8285,2018,0.6028084982537835,0.1468277066356228,13771,6249,3664,0.4537796819403093,0.2660663713601046
27008,0.0055690607448042,8536.0,20883,0.3367578038122947,0.0,0.0,-0.732205562830786,0.6314517170700178,0.2288488210818308,0.7628294036061026,13801,9351,1480,0.6775595971306427,0.10723860589812333,12601,4961,3375,0.39369891278469965,0.2678358860407904
27009,0.0005012056659186,4817.0,11291,0.3176275242461281,0.0,0.0,-0.9841568155129018,-0.3117892644344587,0.052704576976421634,0.3828016643550624,6329,4181,760,0.6606098909780376,0.12008216147890662,6775,3266,1687,0.48206642066420663,0.24900369003690037
27010,0.0001915754773391,1968.0,5412,0.2813222153062797,0.0,0.0,-0.9995502536966074,-2.101865312189152,0.03467406380027739,0.023578363384188627,4038,2589,536,0.6411589895988113,0.13273897969291729,3064,1140,795,0.3720626631853786,0.25946475195822455
27011,0.0004552714765178,11320.0,20809,0.3702609882606476,0.0,272.75462551641897,-0.9864404594570009,2.283365714107459,0.049930651872399444,0.9805825242718447,11852,5811,2733,0.4902969962875464,0.2305939925750928,15596,5069,5689,0.3250192357014619,0.3647730187227494
27012,0.0002724394947719,1027.0,2693,0.3283121030025447,0.0,0.0,-0.9955300537950779,0.21502648430076857,0.038834951456310676,0.6158113730929264,2153,1322,265,0.6140269391546679,0.12308406874129123,1761,759,479,0.43100511073253833,0.2720045428733674
27101,0.0161037591993972,38326.0,85394,0.3179650725952977,0.0,0.0,-0.2084671309009785,-0.29514604523451304,0.49653259361997226,0.3925104022191401,54241,33517,7025,0.617927398093693,0.1295145738463524,56263,21250,13965,0.37769048930913746,0.24820930273892255
27102,0.007830695203792,23467.0,51470,0.3322435002141936,0.0,0.0,-0.6197671394383956,0.40886865747830975,0.29958391123439665,0.7045769764216366,32746,21293,4243,0.6502473584559946,0.12957307762780187,33218,12534,9234,0.3773255463905112,0.27798181708712144
27201,0.0407888452802112,27738.0,58454,0.2802609586536826,550.8219371383485,0.0,1.018765744510008,-2.1541918222728955,0.8876560332871013,0.019417475728155338,34985,22527,4548,0.6439045305130771,0.12999857081606403,38913,15616,10284,0.40130547631896796,0.2642818595328039
27202,0.0046689305669003,26236.0,60435,0.3113115518029556,0.0,0.0,-0.776956038598087,-0.6232057299308407,0.19833564493758668,0.24133148404993066,40815,26865,4320,0.6582138919514884,0.10584343991179714,38486,17251,8213,0.4482409187756587,0.2134022761523671
27301,0.0222105975142679,26974.0,61106,0.3118949062516375,34.520749706640274,0.0,0.09513775507321784,-0.5944427512803419,0.6643550624133149,0.2565880721220527,41379,24090,5866,0.5821793663452476,0.1417627298871408,41395,14606,10888,0.3528445464428071,0.263026935620244
27302,0.0290333527574016,20053.0,49010,0.306801974705336,162.480112457523,0.0,0.43433485196988175,-0.8455557438455197,0.7739251040221914,0.15950069348127602,34410,21686,4215,0.6302237721592561,0.12249346120313863,30452,12414,6610,0.4076579535005911,0.21706291869171154
27401,0.0072209028349762,22863.0,52812,0.3050859546942887,0.0,0.0,-0.650083308469993,-0.9301661330404717,0.27600554785020803,0.1317614424410541,35838,22573,4590,0.6298621574864669,0.12807634354595682,33005,15229,7413,0.4614149371307378,0.22460233297985155
27402,0.0166061328256025,42843.0,101165,0.3067580229705808,0.0,0.0,-0.18349134480081336,-0.8477228359303959,0.5145631067961165,0.15672676837725383,69323,42225,8779,0.60910520317932,0.12663906639931913,62227,24721,13669,0.39727128095521236,0.2196634901248654
27501,0.0074709169487778,421425.0,595842,0.3671725527924153,0.0,8852.662625049024,-0.6376537168222434,2.1310867632278896,0.289875173370319,0.9736477115117892,327611,160249,76011,0.48914413740686363,0.2320160189981411,540574,158235,224848,0.292716630840551,0.41594305312501156
27502,0.0299342033695967,15369.0,35600,0.3018111818098889,138.37301669118426,0.0,0.47912114453133275,-1.0916326698467835,0.7836338418862691,0.10818307905686546,23009,15376,2596,0.6682602459906993,0.11282541614150984,22521,10671,4842,0.4738244305315039,0.21499933395497536
27503,0.0177840040402266,14269.0,34687,0.3248980202705212,0.0,0.0,-0.12493281788887077,0.04669111126279821,0.5533980582524272,0.5409153952843273,24287,16000,2926,0.658788652365463,0.12047597480133404,21479,9184,4858,0.427580427394199,0.2261744029051632
27504,0.0055766087660538,21400.0,48729,0.3066736427159793,0.0,0.0,-0.7318303087283096,-0.8518833038365042,0.2302357836338419,0.1553398058252427,31405,21336,3553,0.6793822639707053,0.11313485113835377,30808,13975,6553,0.45361594391067256,0.21270449233965205
27601,0.0103712226141134,98091.0,158442,0.3313590283915717,0.0,0.0,-0.49346339682141427,0.36525873180015256,0.37170596393897365,0.6962552011095701,88634,44507,17039,0.5021436469075072,0.19223999819482365,140406,47272,45253,0.3366807686281213,0.32230104126604275
27602,0.0008140126558742,3419.0,8491,0.3197648543803671,0.0,0.0,-0.9686054408701276,-0.20640568304737975,0.06934812760055478,0.435506241331484,3956,2626,391,0.6638018200202225,0.09883720930232558,4216,2192,740,0.5199240986717267,0.17552182163187854
27603,0.0048979509092516,2115.0,5126,0.3313101846661077,0.0,0.0,-0.7655701640521666,0.36285043434753617,0.20665742024965325,0.6934812760055479,3155,1938,371,0.6142630744849445,0.11759112519809825,2964,1544,484,0.5209176788124157,0.1632928475033738
27604,8.536778477719054e-05,387.0,1193,0.3142937920731614,0.0,0.0,-1.0048304285968208,-0.47616285845466894,0.016643550624133148,0.3120665742024965,869,540,125,0.6214039125431531,0.14384349827387802,632,257,173,0.40664556962025317,0.2737341772151899
27605,1.4162965911168612e-08,4906.0,11133,0.3426331862200554,0.0,0.0,-1.0090738316937058,0.9211443715784039,0.0013869625520110957,0.8321775312066574,4910,3126,585,0.6366598778004073,0.11914460285132383,5951,2730,1018,0.4587464291715678,0.17106368677533187
27701,0.0064165604610706,28600.0,65903,0.3417185143842833,0.0,0.0,-0.6900716399309995,0.8760453986572749,0.2579750346740638,0.8169209431345353,41874,24571,6195,0.5867841620098391,0.14794383149448345,41458,14888,10812,0.35911042500844226,0.26079405663563127
27702,0.0049289408618724,58058.0,95526,0.3383308496020856,0.0,0.0,-0.764029481206696,0.7090125937724157,0.20804438280166435,0.7794729542302358,54817,25713,10765,0.46906981410876186,0.19638068482405094,78593,23978,24883,0.30509078416652885,0.3166058045881949
27703,0.0017193845373011,10160.0,21345,0.3081564935088964,0.0,0.0,-0.9235943708774096,-0.7787695977613718,0.11095700416088766,0.18030513176144244,13206,7664,1749,0.580342268665758,0.13243980009086778,15511,5942,3421,0.38308297337373476,0.22055315582489846
27704,0.002238154378338,3421.0,22238,0.3409422726788691,0.0,0.0,-0.8978034377768345,0.8377718864711537,0.1262135922330097,0.8058252427184466,10535,6520,1335,0.6188894162316089,0.1267204556241101,5323,2189,1187,0.4112342663911328,0.22299455194439227
27801,0.0081780226547989,26076.0,56990,0.3287596840727412,0.0,0.0,-0.6024995607468365,0.23709499649865692,0.3079056865464632,0.6338418862690708,34365,20948,3955,0.6095736941655754,0.11508802560744943,36468,13973,8524,0.38315783700778766,0.23373916858615773
27802,0.0212665681779958,29313.0,61167,0.318926343272297,9.84182006966504,0.0,0.04820480806899454,-0.2477494615239496,0.6435506241331485,0.4188626907073509,37116,23903,4009,0.6440079749973058,0.10801271688759564,40880,17816,8737,0.43581213307240707,0.21372309197651662
27901,0.0086168158420931,19048.0,42251,0.3155839670402814,0.0,0.0,-0.5806847117651125,-0.41254926106370005,0.3259361997226075,0.34396671289875175,26977,15560,3868,0.5767876339103681,0.14338139896949254,26898,9031,7444,0.3357498698788014,0.2767492006840657
27902,0.0028358090263802,11903.0,26871,0.3051875588384738,0.0,0.0,-0.8680907023292703,-0.925156420957873,0.14840499306518723,0.13314840499306518,18057,10934,2273,0.6055269424599878,0.12587916043639585,17318,6461,4122,0.3730800323362975,0.23801824691072873
27903,0.0073757132522809,41650.0,77708,0.3240889159054823,0.0,0.0,-0.6423868218970705,0.0067972669110074,0.2829403606102635,0.5298196948682385,45990,27275,6221,0.5930637095020657,0.13526853663839966,56580,25099,12828,0.44360197949805585,0.22672322375397666
28001,0.0164587353216028,92710.0,187773,0.3115588444192129,0.0,0.0,-0.19081929423837066,-0.6110126760201254,0.507628294036061,0.24826629680998613,108776,66936,16694,0.6153563286018975,0.15347135397514158,125700,55430,30344,0.44097056483691327,0.24140015910898965
28002,0.0024125154894965,10094.0,25165,0.323460274760264,0.0,0.0,-0.8891349775127556,-0.024198625688412495,0.13314840499306518,0.5131761442441054,16037,10677,1867,0.6657729001683607,0.1164182827212072,14509,6153,3513,0.4240816045213316,0.2421255772279275
28101,0.0152373295807073,184106.0,311956,0.354627948138022,0.0,1557.8849891526006,-0.2515421644983896,1.512560245313201,0.47572815533980584,0.926490984743412,168577,77523,40638,0.45986700439561745,0.24106491395623364,246056,71891,96294,0.2921733263972429,0.39134993659979844
28102,0.0164886790585017,18526.0,40078,0.3287776537273111,0.0,0.0,-0.18933062459327876,0.2379810114967749,0.5090152565880721,0.6352288488210819,27309,18120,3554,0.6635175216961441,0.13014024680508257,26889,11888,6766,0.44211387556249765,0.25162705939231655
28201,0.0195076480369989,20108.0,48197,0.3038631320995187,0.0,0.0,-0.03924089154036025,-0.9904588423292885,0.5991678224687933,0.12343966712898752,33653,21976,3985,0.6530175615844056,0.11841440584791846,29926,13672,5982,0.4568602552963978,0.19989306957160996
28202,0.0096685666557523,521473.0,803201,0.3494375932373041,0.0,1706.0179842290488,-0.5283963312005404,1.2566436794325722,0.3564493758668516,0.8932038834951457,450665,223206,95794,0.4952814174608634,0.21256143698756283,674005,205797,260316,0.3053345301592718,0.38622265413461326
28301,0.0019173700698846,20420.0,39751,0.3206894582014294,0.0,0.0,-0.9137514092751379,-0.1608170018853955,0.11927877947295423,0.4549237170596394,23311,13840,3186,0.5937111235039252,0.13667367337308567,28262,12420,6550,0.43945934470313497,0.23175996037081595
28302,0.0055783857742923,7047.0,16920,0.305047852307414,0.0,0.0,-0.7317419637688055,-0.9320448161338908,0.231622746185853,0.130374479889043,11357,6783,1481,0.5972527956326494,0.13040415602711983,11090,4058,2689,0.3659152389540126,0.24247069431920648
28303,0.0305823337493968,769.0,2292,0.3703693475727693,7.4220149581116095,18.61233069813518,0.5113433092440379,2.288708497707002,0.7891816920943134,0.9819694868238558,1756,1054,244,0.6002277904328018,0.13895216400911162,1291,456,273,0.35321456235476373,0.2114639814097599
28304,0.0002908146652877,3496.0,8122,0.3160353184960003,0.0,0.0,-0.9946165219048326,-0.3902948455637453,0.04160887656033287,0.34812760055478503,5588,3300,744,0.5905511811023622,0.13314244810307801,5110,1851,1343,0.36223091976516636,0.2628180039138943
28305,0.0068692373943468,5317.0,13105,0.3086310997347209,0.0,0.0,-0.6675665527444266,-0.7553685784126223,0.26768377253814146,0.18862690707350901,9329,5907,1030,0.6331868367456319,0.11040840390181156,8055,2968,1978,0.36846679081315953,0.24556176288019863
28306,0.0027753608040534,16974.0,35939,0.3252158982520922,0.0,0.0,-0.8710959195465301,0.062364459804234836,0.14563106796116504,0.5492371705963939,21582,12270,3042,0.56852932999722,0.1409507923269391,24384,8818,5542,0.3616305774278215,0.22728018372703412
28401,0.0253697030124771,432740.0,587132,0.3586145743968775,1920.8827327379015,5386.971557699457,0.25219445366448673,1.709125551757799,0.7087378640776699,0.9514563106796117,272470,107073,67128,0.39297170330678605,0.24636840753110434,556360,146324,224563,0.2630023725645266,0.4036289452872241
28402,3.0255364642073342e-05,3170.0,6087,0.3179932408527565,0.0,0.0,-1.0075703734206651,-0.29375717610059443,0.013869625520110958,0.39389736477115117,3072,1887,396,0.6142578125,0.12890625,4184,2212,1091,0.52868068833652,0.26075525812619504
28501,0.0001658611805854,1626.0,4517,0.32587624177276,0.0,0.0,-1.0008286543568645,0.09492347539052008,0.0319001386962552,0.5644937586685159,3152,1984,429,0.6294416243654822,0.13610406091370558,2510,1045,620,0.4163346613545817,0.24701195219123506
28502,0.0189118457665879,105813.0,187782,0.3299873518894117,0.0,0.0,-0.06886153499686355,0.29762660516399647,0.5825242718446602,0.6615811373092927,106719,63237,14525,0.5925561521378574,0.1361050984360798,147277,60434,35288,0.4103424159916348,0.23960292510032116
28503,0.0022765855335755,9968.0,23069,0.3330300954851058,0.0,0.0,-0.8958928113770285,0.447652664414321,0.1276005547850208,0.7128987517337032,13190,7954,1675,0.60303260045489,0.1269901440485216,16143,5942,3499,0.3680852381837329,0.21675029424518366
28504,0.0019005120760199,4972.0,11864,0.3175090514913876,0.0,0.0,-0.9145895138787236,-0.3176307032423176,0.11789181692094314,0.3800277392510402,7249,4636,1010,0.6395364877914195,0.1393295626983032,7011,2635,1502,0.37583796890600485,0.21423477392668663
28601,0.003649001288057,2464.0,6438,0.3561941645273193,0.0,24.709257740907248,-0.8276623937427655,1.5897843903749338,0.17614424410540916,0.9375866851595007,5155,3032,721,0.5881668283220175,0.13986420950533462,3976,1245,943,0.3131287726358149,0.23717303822937627
28602,0.0092649801107254,2864.0,5953,0.3731743392444797,0.0,77.3517212706123,-0.5484608622501407,2.4270119181240912,0.34535367545076284,0.9875173370319001,4216,2457,540,0.5827798861480076,0.12808349146110057,3951,1619,887,0.4097696785623893,0.22450012655024046
28603,0.0056620573938088,3756.0,10537,0.3523683013071993,0.0,23.29563082755394,-0.7275821823577397,1.4011456950351062,0.23300970873786409,0.9140083217753121,8379,5517,880,0.6584317937701396,0.10502446592672157,6026,2376,1436,0.3942914039163624,0.2383006969797544
28604,0.0010920524936075,7114.0,17107,0.3205368121424789,0.0,0.0,-0.9547825346658244,-0.1683433957349602,0.08460471567267684,0.44798890429958393,11322,6106,1689,0.5393040098922451,0.14917859035506095,10371,3304,3051,0.31858065760293125,0.29418571015331213
28605,0.0005353078840464,3142.0,8509,0.3294131154622453,0.0,0.0,-0.982461404645228,0.2693132013110796,0.05409153952843273,0.6477115117891817,5589,3351,697,0.5995705850778315,0.12470925031311504,4750,1801,1148,0.3791578947368421,0.24168421052631578
28606,1.8554402902992703e-08,2026.0,5457,0.3168978672615086,0.0,0.0,-1.009073613370957,-0.3477658620557148,0.0027739251040221915,0.36893203883495146,4088,2590,538,0.6335616438356164,0.13160469667318983,3142,1114,669,0.354551241247613,0.2129217059197963
28607,0.0067602164120188,8293.0,19695,0.3212571373014429,0.0,0.0,-0.6729865919204905,-0.1328269147764074,0.260748959778086,0.47295423023578365,13766,7803,1951,0.5668313235507773,0.14172599157344182,12314,4618,2936,0.37502030209517623,0.23842780574955336
28608,0.0114783458514714,29233.0,56033,0.3258538884620027,0.0,0.0,-0.43842214521025624,0.09382131905738082,0.39944521497919555,0.5631067961165048,30448,15736,6314,0.5168155543878087,0.2073699421965318,40633,12918,13396,0.31791893288706224,0.32968277016218345
28609,0.0118002837215077,21030.0,48464,0.3122911869971881,0.0,0.0,-0.4224168237519926,-0.5749036620531494,0.406380027739251,0.26907073509015256,29597,18059,3829,0.6101631922154273,0.12937122005608676,30105,13617,6814,0.4523168908819133,0.22634113934562364
28701,0.0261266627794842,11192.0,16242,0.321481696671878,58.15188526570715,0.0,0.2898271322945433,-0.12175475034500904,0.7253814147018031,0.478502080443828,8722,4864,1324,0.5576702591148819,0.15180004586104104,16499,4266,7752,0.2585611249166616,0.46984665737317416
28702,0.000845477685222,98093.0,131682,0.3037209893662144,0.0,0.0,-0.9670411393191841,-0.9974673573283487,0.07073509015256588,0.12205270457697642,55384,19705,17623,0.355788675429727,0.31819659107323417,125051,32880,58968,0.2629327234488329,0.4715516069443667
28703,0.0042637348058907,9112.0,12442,0.2816466919051724,0.0,0.0,-0.7971005727212492,-2.085866611043349,0.18723994452149792,0.024965325936199722,5335,2189,1611,0.41030927835051545,0.3019681349578257,12437,3466,5308,0.27868457023397925,0.42679102677494574
28704,0.0036708280833597,17113.0,33591,0.3272422807148862,0.0,0.0,-0.8265772623937137,0.1622776354846202,0.17753120665742025,0.59500693481276,17386,5760,6446,0.33130104681927985,0.3707580812147705,22729,4180,12245,0.1839060231422412,0.5387390558317567
28800,0.0264217076426926,383741.0,459601,0.3297511727417015,2107.0791564339165,0.0,0.3044954528612644,0.2859815139186477,0.7364771151178918,0.6504854368932039,204356,92896,52350,0.45457926363796514,0.2561706042396602,497594,137855,211065,0.27704313154901383,0.42417111138799907
28900,0.0154272590808422,1827446.0,2449044,0.3725272522638553,0.0,48173.6614287258,-0.24209971305978245,2.395106531869184,0.4826629680998613,0.986130374479889,1220154,469285,370750,0.38461128677199763,0.30385508714473747,2295198,572352,1160511,0.24936933545602602,0.5056256584399255
29001,0.0028303179385562,6881.0,18232,0.3185222172415073,0.0,0.0,-0.8683636948348391,-0.2676753717865343,0.14701803051317613,0.406380027739251,12949,6882,2143,0.5314696115530156,0.16549540505058305,10324,3893,2747,0.37708252615265403,0.26607903913211933
29002,0.003063939509424,776.0,1967,0.3293565204546895,0.0,0.0,-0.8567490676370445,0.26652271775904723,0.15672676837725383,0.6435506241331485,1626,937,242,0.576260762607626,0.14883148831488316,1280,460,257,0.359375,0.20078125
29003,0.0033622942915684,20532.0,42837,0.3059196207207688,0.0,0.0,-0.8419161925972337,-0.8890612470222479,0.1678224687933426,0.14147018030513175,22655,11924,3903,0.5263297285367469,0.17227984992275436,26355,13105,5889,0.49724909884272434,0.22344906089926012
29004,0.0235033321728082,19766.0,47227,0.3376839902111668,50.84829835084812,0.0,0.15940678241021047,0.6771184290961857,0.680998613037448,0.7725381414701803,33319,18396,4725,0.5521174104865092,0.14181097872084997,28669,11118,6154,0.3878056437266734,0.21465694652760822
29005,0.0081909024089925,37638.0,82076,0.3377864754342935,0.0,0.0,-0.6018592365558715,0.682171583814464,0.3092926490984743,0.7753120665742025,52707,28942,8038,0.5491111237596524,0.15250346253818278,53572,21637,11377,0.40388635854550886,0.21236840140371835
29006,0.004816672415178,17125.0,38196,0.3423587448147188,0.0,0.0,-0.7696109698919544,0.9076127146237928,0.20249653259361997,0.8294036061026352,23610,12920,4713,0.5472257518000847,0.19961880559085132,24258,8091,8340,0.33353945090279496,0.3438041058619837
29007,0.0018817353875881,3452.0,8631,0.3386668409653915,0.0,0.0,-0.915523007456968,0.7255790439492444,0.11650485436893204,0.7891816920943134,6540,4078,798,0.6235474006116208,0.12201834862385322,5249,2057,1282,0.39188416841303103,0.24423699752333777
29008,0.0001637511212049,1857.0,5609,0.31688140470513,0.0,0.0,-1.0009335571403648,-0.3485775678012017,0.030513176144244106,0.36754507628294036,4412,2574,631,0.5834088848594742,0.14301903898458748,2896,1082,718,0.3736187845303867,0.2479281767955801
29101,0.0163754117232626,7289.0,19894,0.3285454912040665,0.0,0.0,-0.1949617735818035,0.2265339646548103,0.5062413314840499,0.6282940360610264,15325,9299,1884,0.6067862969004894,0.12293637846655792,11354,4169,2330,0.3671833714990312,0.20521402149022372
29102,0.0031010878100818,4154.0,11112,0.3419888917123652,0.0,0.0,-0.8549022190709245,0.8893766714928041,0.15811373092926492,0.8238557558945908,8714,5847,885,0.6709892127610741,0.10156070690842323,6592,2602,1549,0.39472087378640774,0.23498179611650485
29103,0.0050320446463034,4218.0,11384,0.3425109083121835,0.0,0.0,-0.7589036188370544,0.9151153152105408,0.21220527045769763,0.8307905686546463,8272,5007,1138,0.6052949709864603,0.1375725338491296,6462,2157,1633,0.33379758588672237,0.2527081398947694
29104,0.0145335173830294,30752.0,63338,0.3499560931027453,0.0,116.55120013607004,-0.28653258196251596,1.2822089264169196,0.4618585298196949,0.897364771151179,38302,21065,6463,0.5499712808730615,0.1687379249125372,42811,15580,12352,0.363925159421644,0.28852397748242276
29201,0.0224834460771732,8997.0,21441,0.3211862026855351,13.96898716844008,0.0,0.10870257414291025,-0.13632442961930816,0.6712898751733704,0.47018030513176146,14124,9605,1749,0.6800481450014161,0.12383177570093458,13140,5603,3267,0.42640791476407913,0.24863013698630138
29202,0.0049825968549971,7325.0,17448,0.3280081867430773,0.0,0.0,-0.7613619434671117,0.2000415349233325,0.21081830790568654,0.6116504854368932,12940,9056,1366,0.6998454404945904,0.10556414219474498,10938,4776,2344,0.43664289632473946,0.21429877491314683
29203,0.0051897537687812,74478.0,143269,0.3508839078621285,0.0,351.3761204970986,-0.7510630215134986,1.3279559266773195,0.21914008321775313,0.9056865464632455,80145,40611,17293,0.5067190716825754,0.2157714143115603,96031,27344,35335,0.2847413855942352,0.3679540981558039
29204,0.0133712061270893,168814.0,324513,0.3470966905095179,0.0,157.1040196465084,-0.3443175368166368,1.1412227113841675,0.43273231622746183,0.8751733703190014,179387,91105,43329,0.5078684631550782,0.2415392419740561,231252,77255,86188,0.334072786397523,0.3727016414993168
29301,0.0161979516464379,314308.0,553506,0.3448120501005187,0.0,0.0,-0.20378430065905362,1.0285758232759326,0.49791955617198336,0.8529819694868238,312322,159695,64683,0.5113152451636452,0.20710356619130257,416130,150734,131962,0.36222814985701585,0.3171172470141542
29302,0.0127923416198498,35037.0,75784,0.3103889878676974,0.0,0.0,-0.37309610989380504,-0.6686938321189857,0.42441054091539526,0.21914008321775313,46190,25668,8396,0.5557046979865772,0.18177094609222774,51100,17012,16240,0.3329158512720157,0.3178082191780822
29303,0.0150569320904225,21592.0,51584,0.3152297615803742,0.0,0.0,-0.2605107267304335,-0.430013778741111,0.47156726768377255,0.33841886269070737,34910,20495,4718,0.58708106559725,0.13514752219994272,31179,12996,7323,0.41681901279707495,0.23486962378524007
29401,0.0200333433902712,24028.0,51067,0.3242100177139256,0.0,0.0,-0.01310565272148533,0.01276833431036053,0.608876560332871,0.5312066574202496,31475,20497,3632,0.6512152501985703,0.1153931691818904,33751,15030,7524,0.44532013866255815,0.22292672809694528
29402,0.0606060162755843,19753.0,47830,0.3336373603324833,783.7041747597799,0.0,2.0039874959571455,0.47759457345398576,0.9611650485436893,0.723994452149792,27488,15473,5280,0.5629001746216531,0.1920838183934808,27464,11924,6899,0.4341683658607632,0.25120157296824935
29403,0.0243993463575012,65198.0,145981,0.3363972022491109,226.14105647437495,0.0,0.2039526292705331,0.6136718319819251,0.6907073509015257,0.7600554785020804,98024,55533,16209,0.5665245246062189,0.16535746347833183,93385,39250,23012,0.42030304652781497,0.24642073138084275
29501,0.0115160648102463,50522.0,85465,0.3539418863319613,0.0,392.8504657812154,-0.4365469260563394,1.4787331593533102,0.40083217753120665,0.9237170596393898,52447,27625,11440,0.5267222148073293,0.21812496424962344,66820,24336,22727,0.3642023346303502,0.3401227177491769
29502,0.0112689215878791,1124476.0,1762873,0.3561519018878396,0.0,11228.843278263781,-0.4488337897290478,1.5877005811234313,0.3897364771151179,0.9361997226074896,1006647,500192,232294,0.49688917763625184,0.23076013736692208,1466951,458632,585904,0.3126430262496839,0.399402570365336
29503,0.0168072246111457,79912.0,158300,0.3135287529750484,0.0,0.0,-0.17349395409349389,-0.5138840128840912,0.5270457697642164,0.2926490984743412,96532,63922,11601,0.6621845605602288,0.12017776488625534,109624,52130,25279,0.4755345544771218,0.23059731445668832
29504,0.0347404106938087,45699.0,88232,0.3230926701685477,631.0845376984691,0.0,0.718064432596202,-0.04232380335227057,0.8349514563106796,0.5020804438280166,52699,36364,5536,0.6900320689197138,0.10504943167802046,67003,34406,11215,0.513499395549453,0.16738056504932616
29505,0.0145365633669183,13224.0,33693,0.3293727398814431,0.0,0.0,-0.28638114916806695,0.2673224357118146,0.463245492371706,0.6449375866851595,20840,13205,3270,0.633637236084453,0.15690978886756238,19321,8959,4919,0.46369235546814347,0.254593447544123
29506,0.0236110545409822,7637.0,18093,0.3095635578200761,20.46895997675298,0.0,0.1647622602565287,-0.7093926334924163,0.6823855755894591,0.20110957004160887,12417,9032,1130,0.7273898687283563,0.09100426834178948,11179,6214,2076,0.5558636729582253,0.18570534037033723
29601,0.0141915286109135,178841.0,302388,0.3618940267316904,0.0,2812.805892385441,-0.3035347452439424,1.8708228143820658,0.4507628294036061,0.9583911234396671,154803,83862,38134,0.5417336873316408,0.2463388952410483,236470,79951,95949,0.3381020848310568,0.40575548695394764
29602,0.0441792920201322,43207.0,79924,0.2894983005780158,1004.4967802886168,0.0,1.1873237024583505,-1.6987337912982632,0.9167822468793343,0.04022191400832178,43773,31129,4219,0.7111461403148059,0.09638361547072397,66450,31515,14724,0.47426636568848757,0.2215801354401806
29700,0.0331294452857204,275957.0,440866,0.3362895741664817,3366.2963554927173,0.0,0.6379743853715969,0.6083651025143556,0.8155339805825242,0.7586685159500693,228370,140789,35998,0.6164951613609493,0.1576301615798923,375707,148144,107798,0.3943072660344364,0.2869203927528633
29800,0.0456942631550298,76540.0,137575,0.2945338997866692,1895.3940271543054,0.0,1.262641340645161,-1.4504476372143575,0.9237170596393898,0.06102635228848821,69558,49063,7514,0.7053538054573162,0.1080249575893499,114361,54233,23915,0.47422635338970454,0.20911849319260936
29901,0.0402801697262745,138486.0,266742,0.3220473693896793,2679.614205537376,0.0,0.9934766545442978,-0.09386359027577046,0.8779472954230236,0.4854368932038835,153311,94671,20439,0.6175095068194715,0.13331724403337009,188345,82335,45575,0.437149911067456,0.24197616076880193
29902,0.0593919626549901,25380.0,54651,0.3163343465577749,976.1438297863413,0.0,1.9436301404742757,-0.3755509145349217,0.9583911234396671,0.3564493758668516,33384,24377,3326,0.7302000958543015,0.09962856458183561,37192,19656,6392,0.5285007528500753,0.17186491718649172
30000,0.0328901906184125,73972.0,138646,0.3121678820188491,884.6586484987462,0.0,0.6260797056303753,-0.5809833593409284,0.812760055478502,0.2621359223300971,74254,52765,8133,0.7106014490801842,0.10952945295876317,100351,52526,19779,0.5234227860210661,0.19709818536935356
30100,0.034574159677632,175934.0,332832,0.3229174792124097,2400.3275252773874,0.0,0.7097991702448948,-0.05096179992972581,0.8307905686546463,0.49653259361997226,187146,122791,20370,0.656124095625875,0.10884550030457504,240283,119847,46734,0.49877436189826163,0.19449565720421336
30200,0.018318631042776,74148.0,152466,0.3262564066547949,0.0,0.0,-0.09835353712545435,0.113667952972454,0.5686546463245492,0.5728155339805825,86880,54698,12790,0.6295810313075506,0.1472145488029466,102161,50050,21175,0.489912980491577,0.20727087636182104
30300,0.0258322739470845,326697.0,384122,0.3256542698223215,1601.2906760542105,0.0,0.2751914266667809,0.08397888675166086,0.7156726768377254,0.5561719833564494,170551,105390,26360,0.6179383292973949,0.1545578741842616,417846,173160,141315,0.414411050961359,0.3381987622234029
30401,0.0137480793948632,39466.0,79601,0.3049246489455693,0.0,0.0,-0.32558107130213426,-0.9381195031006488,0.43966712898751736,0.1289875173370319,40267,19553,10861,0.4855837286115181,0.2697245883726128,52739,18565,19319,0.3520165342535884,0.36631335444358065
30402,0.0212155054704459,554662.0,921246,0.3428642157791469,157.904850612709,0.0,0.04566619697371293,0.9325355562874558,0.6393897364771152,0.8363384188626907,526138,274570,102363,0.5218592840661576,0.19455542082115337,734615,284493,218989,0.38726816087338267,0.29810036549757357
30403,0.0080921730444831,23798.0,51499,0.3480894734184992,0.0,45.773471592182744,-0.6067676221899221,1.1901730428338213,0.30374479889042993,0.8821081830790569,31047,21279,2683,0.6853802299739106,0.08641736721744452,32670,15628,5511,0.4783593510866238,0.1686868686868687
30501,0.0092133190860508,13639.0,26123,0.3005387550678075,0.0,0.0,-0.5510292190162678,-1.1543711700836594,0.34396671289875175,0.09986130374479889,17994,11540,2387,0.6413248860731355,0.13265532955429588,18500,9052,4052,0.4892972972972973,0.21902702702702703
30502,0.00898088159803,48678.0,102415,0.3142767956941108,0.0,0.0,-0.5625849788723689,-0.47700088495617526,0.33980582524271846,0.3106796116504854,68434,41762,11359,0.6102522138118479,0.16598474442528569,66853,32683,15397,0.48887858435672293,0.23031127997247694
30601,0.0285741366866,538677.0,857648,0.3366529101842165,4117.2795225992395,0.0,0.4115046679000435,0.6262798131069923,0.7669902912621359,0.7614424410540915,405073,236141,66594,0.5829591209485697,0.164399997037571,691449,300470,187085,0.4345512105737372,0.2705694852404154
30602,0.0100173971260742,43307.0,81709,0.3213868039256627,0.0,0.0,-0.5110540290622123,-0.12643354904045756,0.3647711511789182,0.47572815533980584,38560,20144,5866,0.5224066390041494,0.1521265560165975,61711,23422,15530,0.3795433553175285,0.25165691691918785
30603,2.6685955159422292e-05,4794.0,13270,0.3138284801365318,0.0,0.0,-1.0077478286115675,-0.49910561192014685,0.012482662968099861,0.29680998613037446,7482,5317,633,0.7106388666132051,0.08460304731355253,9259,3850,1576,0.41581164272599636,0.1702127659574468
30604,0.0005403655199477,25355.0,61950,0.3298953128076703,0.0,0.0,-0.9822099614446812,0.2930885097588436,0.05547850208044383,0.6574202496532594,31876,20364,4456,0.6388505458652277,0.13979169280963735,40047,18727,9259,0.46762553999051115,0.23120333608010588
30605,0.0046950840859034,831.0,2975,0.3195701301586455,0.0,0.0,-0.7756558017577854,-0.21600679030690118,0.19972260748959778,0.43273231622746183,1951,1514,236,0.7760123013839056,0.12096360840594567,1472,983,232,0.6677989130434783,0.15760869565217392
30701,0.0045346934404744,62256.0,113040,0.3101181924246207,0.0,0.0,-0.7836297124962148,-0.6820457206071381,0.1955617198335645,0.20943134535367544,64939,40727,8238,0.6271577942376692,0.12685751243474647,81859,37948,15214,0.4635776151675442,0.1858561673120854
30702,0.0001184552495914,3116.0,6920,0.3312319269719339,0.0,0.0,-1.0031854667582814,0.35899184649954036,0.020804438280166437,0.6907073509015257,4123,3242,334,0.7863206403104536,0.08100897404802328,4289,2237,616,0.5215667987875962,0.14362322219631615
30801,0.0032968522952434,54399.0,90061,0.292684835766496,0.0,0.0,-0.8451696780847722,-1.541617918088736,0.1636615811373093,0.052704576976421634,52953,34961,5773,0.6602269937491738,0.1090212074858837,67781,40616,9856,0.5992239713193963,0.1454094805328927
30802,0.0057779042500538,168889.0,287568,0.3183837977864827,0.0,0.0,-0.7218227910381617,-0.2745003061616522,0.23578363384188628,0.40221914008321774,155817,82892,32968,0.5319830313765507,0.2115815347490967,217500,83672,68694,0.38469885057471265,0.3158344827586207
30901,0.0082995834368189,36390.0,73078,0.3061281723961802,0.0,0.0,-0.5964560984081914,-0.8787783608611197,0.31484049930651875,0.14563106796116504,39916,22827,5612,0.5718759394728931,0.1405952500250526,46937,21176,10310,0.4511579351045018,0.21965613481901272
30902,0.002548190201149,11911.0,29588,0.2474858345397941,0.0,0.0,-0.8823898332601996,-3.770207946406836,0.13869625520110956,0.0013869625520110957,18797,13364,1899,0.7109645156141937,0.10102675958929616,16845,9657,2641,0.5732858414959929,0.15678242802018402
30903,0.0043586465394761,141685.0,240752,0.3286950704963938,0.0,0.0,-0.7923819827460341,0.23390914796143902,0.18862690707350901,0.6310679611650486,129048,67270,23254,0.5212789039737152,0.18019651602504494,184667,77465,48326,0.41948480237400293,0.2616926684247862
30904,0.0261671402240155,24975.0,57355,0.3123209897051879,130.77712633147902,0.0,0.2918394911122848,-0.5734342044088956,0.7281553398058253,0.27045769764216365,39434,24033,4996,0.6094486990921539,0.12669270172947203,34195,16110,6178,0.4711215089925428,0.18066968855095775
30905,0.0026847917214998,3504.0,8490,0.2654359713247175,0.0,0.0,-0.8755986121942977,-2.885155295681588,0.14285714285714285,0.006934812760055479,6352,4107,789,0.6465680100755667,0.12421284634760706,5137,2472,1023,0.4812147167607553,0.19914346895074947
30906,0.0087901140020489,3395.0,9400,0.2886512939589996,0.0,0.0,-0.5720690967152104,-1.7404964509550833,0.332871012482663,0.036061026352288486,6561,4318,669,0.6581313824112178,0.10196616369455876,5221,2530,1030,0.4845814977973568,0.1972802145182915
30907,0.0173005895568945,553.0,1426,0.2495596431194191,0.0,0.0,-0.14896603958608287,-3.66795637013832,0.5381414701803051,0.004160887656033287,1088,770,118,0.7077205882352942,0.10845588235294118,903,453,174,0.5016611295681063,0.19269102990033224
30908,0.0024554607282444,21559.0,52751,0.2729714221582391,0.0,0.0,-0.8869999309238454,-2.5136110108369354,0.13453536754507628,0.009708737864077669,30360,20557,3706,0.6771080368906456,0.12206851119894598,28256,16247,4320,0.5749929218573047,0.15288788221970556
31001,0.0015561988317658,22836.0,52031,0.3068016851510764,0.0,0.0,-0.9317072395939465,-0.8455700206595647,0.10679611650485436,0.15811373092926492,24405,13721,3415,0.562220856381889,0.13993034214300348,28931,14917,5545,0.5156060972659086,0.19166292212505617
31002,0.0007271601548701,6916.0,15778,0.3254199588669043,0.0,0.0,-0.9729233615852894,0.07242590892922209,0.06657420249653259,0.5533980582524272,8677,4989,1244,0.5749683070185548,0.14336752333755906,9181,5002,2133,0.5448208256181244,0.2323276331554297
31003,0.000866704034637,3736.0,9185,0.312630389677039,0.0,0.0,-0.965985859473622,-0.5581788741291218,0.07489597780859916,0.2801664355062413,6256,3596,875,0.5748081841432225,0.13986572890025575,5484,1938,1463,0.3533916849015317,0.26677607585703866
31004,0.0053478035874512,14446.0,32998,0.3270810778696276,0.0,0.0,-0.7432054862879955,0.15432933920086042,0.2260748959778086,0.5908460471567267,17612,10305,2349,0.5851124233477175,0.13337497161026574,18463,9828,2837,0.5323078589611656,0.15365866868872882
31005,0.0019633210835051,8459.0,17432,0.2808858813416789,0.0,0.0,-0.9114669289055367,-2.1233792725894847,0.12205270457697642,0.020804438280166437,11314,6788,1639,0.5999646455718579,0.14486476931235637,10867,5484,2772,0.5046470967148247,0.2550841998711696
31006,0.00172599241483,13409.0,29937,0.301339988102149,0.0,0.0,-0.9232658565463837,-1.1148654309692798,0.11234396671289876,0.10540915395284327,16256,9787,2449,0.602054625984252,0.15065206692913385,17481,9500,4071,0.5434471712144614,0.23288141410674446
31007,0.0011875996475785,16925.0,31880,0.2596084436739354,0.0,0.0,-0.9500323544103746,-3.1724884149941612,0.08737864077669903,0.005547850208044383,16109,10716,1822,0.665218201005649,0.11310447575889254,20966,12975,2896,0.6188591052179719,0.1381283983592483
31101,0.0172445519239698,84782.0,165277,0.3017624665067778,0.0,0.0,-0.1517519818817776,-1.094034635283927,0.5353675450762829,0.10679611650485436,94903,62255,11072,0.655985585281814,0.11666649104875504,117978,56578,23141,0.4795639865059587,0.19614673922256692
31102,0.0111620325328347,21292.0,42194,0.292613866863148,0.0,0.0,-0.45414783894656535,-1.5451171235142889,0.3855755894590846,0.05131761442441054,26266,19500,2566,0.7424046295591259,0.09769283484352395,32936,15742,8386,0.4779572504250668,0.25461501093028904
31103,0.0163017928736959,9555.0,18628,0.2858000291915898,0.0,0.0,-0.19862177590638158,-1.8810814208944244,0.5034674063800277,0.02912621359223301,10841,8243,918,0.7603542108661563,0.08467853519048059,13151,8362,1568,0.6358451828758269,0.11923047676982738
31201,0.030415200672082,1408261.0,1298076,0.3783516155327626,13356.485030017742,45325.66729847229,0.5030341947293938,2.6822836276037862,0.7877947295423023,0.9958391123439667,534267,224386,158581,0.41998850761884976,0.2968197549165492,1710535,433541,860668,0.2534534516978606,0.5031571993557571
31202,0.0281137672846343,35034.0,51191,0.3073706193731704,251.64741548063944,0.0,0.38861714532564495,-0.8175180482770753,0.7628294036061026,0.17059639389736478,24908,15551,3419,0.6243375622290027,0.1372651356993737,55759,21737,16591,0.38983841173622197,0.29754837784034865
31301,0.0146434006551439,1395514.0,1724863,0.3492368310657429,0.0,4285.308649041136,-0.28106967356692975,1.2467448639397083,0.4646324549237171,0.8904299583911235,853040,456922,160337,0.5356395948607334,0.18795953296445653,1768528,667984,570567,0.37770620538662664,0.32262254258909107
31302,0.0030507417523382,25728.0,47805,0.3104100747532407,0.0,0.0,-0.8574052015198416,-0.6676541183736692,0.1553398058252427,0.22052704576976423,22259,14087,2531,0.6328676041151894,0.11370681522080955,31946,18647,4498,0.583703750078257,0.14080010016903524
31303,0.0077089844965922,36359.0,64467,0.3037173451322011,0.0,0.0,-0.6258180553912959,-0.9976470405815718,0.29542302357836336,0.12066574202496533,37567,20797,7205,0.5535975723374238,0.19179066734101738,60204,23065,20070,0.3831140787987509,0.33336655371736096
31304,2.7943491964776968e-08,1571.0,3738,0.3581581326040416,0.0,18.839551279929033,-1.0090731465871374,1.6866201511866743,0.004160887656033287,0.9500693481276006,2402,1571,311,0.6540383014154871,0.12947543713572024,2963,1008,1151,0.34019574755315557,0.3884576442794465
31401,0.0114521888792112,188651.0,262282,0.306960952835041,0.0,0.0,-0.4397225537311679,-0.8377171397842441,0.39805825242718446,0.1636615811373093,150449,83299,26385,0.5536693497464257,0.17537504403485565,227397,105638,54487,0.4645531823199075,0.23961178027854368
31402,0.0001374930380939,15738.0,31286,0.2781455199275544,0.0,0.0,-1.0022389924438349,-2.2584960219812333,0.024965325936199722,0.013869625520110958,21757,15846,1928,0.7283173231603621,0.08861515833984465,19803,12646,1976,0.6385901126092006,0.09978286118264909
31403,0.0001617601182819,9799.0,20908,0.2812747962072638,0.0,0.0,-1.001032540965422,-2.1042033667556375,0.02912621359223301,0.022191400832177532,10976,7524,1406,0.6854956268221575,0.12809766763848396,12379,7212,1671,0.5825995637773649,0.13498667097503836
31404,0.0002856712579681,8354.0,18377,0.3299964922605876,0.0,0.0,-0.9948722292794627,0.29807728193792643,0.04022191400832178,0.6629680998613038,10447,6006,2261,0.574901885708816,0.21642576816310902,12658,4408,4926,0.3482382682888292,0.3891610048980882
31501,0.0067956841003793,8295.0,21848,0.3147345217197673,0.0,0.0,-0.6712232959356866,-0.45443216377219803,0.2635228848821082,0.3245492371705964,12031,9527,881,0.7918709999168814,0.07322749563627297,11130,7009,1165,0.6297394429469901,0.10467205750224619
31502,0.0112970614928169,12671.0,22118,0.2793034617227859,0.0,0.0,-0.44743479859984736,-2.2014023369840245,0.39389736477115117,0.016643550624133148,10640,8202,906,0.7708646616541354,0.08515037593984963,16070,11119,1914,0.6919103920348475,0.11910392034847542
31503,0.007647606569245,134885.0,210580,0.3413661294161502,0.0,0.0,-0.6288694934141763,0.85867064247247,0.29403606102635227,0.8141470180305131,76270,52882,8260,0.6933525632620952,0.10829946243608234,165029,86029,34603,0.5212962570214932,0.20967829896563633
31600,0.0166437059201581,647681.0,978369,0.3375296773333237,0.0,0.0,-0.18162337736822662,0.6695098507765593,0.5201109570041609,0.7697642163661581,368075,267084,41707,0.7256238538341371,0.11331114582625823,823621,457864,170174,0.5559158884972578,0.20661687839431
31700,0.0055239016409391,268824.0,503493,0.325071531630913,0.0,0.0,-0.7344506729635161,0.05524629339236715,0.2274618585298197,0.5436893203883495,276772,165075,41712,0.5964295521223245,0.15070888673709767,358583,165706,79562,0.4621133740305592,0.221878895541618
31800,0.0095041555969998,137854.0,208437,0.3200822039374567,0.0,0.0,-0.536570119038332,-0.19075838909781445,0.3536754507628294,0.44521497919556174,87577,46125,23178,0.5266793792890827,0.26465852906585063,176137,65034,65574,0.3692239563521577,0.3722897517273486
31900,0.0092817595780336,245717.0,320912,0.3009034977706328,0.0,0.0,-0.5476266616382776,-1.1363871012246753,0.34674063800277394,0.10263522884882108,164898,93986,23572,0.5699644628800834,0.14294897451758057,310137,115519,96714,0.37247732453722066,0.31184283074899155
32000,0.0174559036610548,3727409.0,4504013,0.3426507072207087,0.0,0.0,-0.14124451193912563,0.9220082651663661,0.5436893203883495,0.8335644937586685,2195569,1081394,535637,0.49253473700894845,0.24396272674646072,4604196,1733434,1664400,0.3764900538552225,0.3614963394260366
32100,0.0069384601500309,262721.0,497770,0.3152905128892243,0.0,0.0,-0.6641251046885457,-0.42701836385502756,0.27045769764216365,0.33980582524271846,288686,183318,36228,0.6350082788912521,0.12549274990820478,350354,172476,63581,0.4922906545950667,0.1814764495339
32201,0.0256584723024487,110632.0,191792,0.3282422121885048,523.0297568197078,0.0,0.2665507805941172,0.21158043533921858,0.7142857142857143,0.6144244105409153,103507,64892,14516,0.6269334441148908,0.14024172278203406,147299,74706,27795,0.5071724858960346,0.18869781872246247
32202,0.0181975025939716,47704.0,103842,0.3080817226768651,0.0,0.0,-0.10437550577622748,-0.7824562617617151,0.5644937586685159,0.17753120665742025,56453,36691,8315,0.6499388872159141,0.1472906665721928,67575,32359,15055,0.47886052534221235,0.22278949315575286
32301,0.0059912300870441,62373.0,113973,0.3310178171050771,0.0,0.0,-0.7112171776134413,0.34843490715815456,0.24133148404993066,0.6851595006934813,65779,37405,10912,0.5686465285273415,0.16588880949847215,84658,35375,21397,0.41785773346878025,0.2527463441139644
32302,0.0186546176335569,10322.0,23666,0.3176463126223857,0.0,0.0,-0.0816497756496515,-0.3108628813985615,0.5769764216366158,0.3841886269070735,15223,10602,1751,0.6964461669841687,0.11502331997635157,14872,7467,2967,0.5020844540075309,0.1995024206562668
32303,0.0071832792836019,2862.0,6828,0.3339416940532152,0.0,0.0,-0.6519537843915716,0.49260010625109985,0.27461858529819694,0.7295423023578363,4422,3087,532,0.6981004070556309,0.12030755314337403,4886,2228,1277,0.4559967253376995,0.26135898485468684
32304,0.0028493535735742,14578.0,35212,0.3120731979258842,0.0,0.0,-0.8674173275820803,-0.5856518701419413,0.14979195561719832,0.260748959778086,18801,12174,2663,0.6475187490027127,0.1416414020530823,20607,9543,4116,0.46309506478381135,0.1997379531227253
32305,0.0164918242038072,24490.0,49316,0.3357739779233394,0.0,0.0,-0.18917426193348422,0.5829430220497465,0.5104022191400832,0.7545076282940361,24522,16170,3145,0.6594078786395889,0.12825218171437894,32290,17026,7031,0.5272839888510374,0.21774543202229793
32306,0.0214180886330945,26814.0,47297,0.3285608736277793,13.065651980474874,0.0,0.055737732328832626,0.2272924131861342,0.6463245492371706,0.6296809986130375,18537,14862,1357,0.8017478556400712,0.07320494146841452,33789,20750,4822,0.6141051821598745,0.14270916570481518
32401,0.002480337683667,26395.0,54073,0.3027039020060172,0.0,0.0,-0.885763159156682,-1.0476160483911225,0.13592233009708737,0.11234396671289876,33266,22184,3666,0.6668670714843985,0.11020260927072686,33018,17856,5107,0.5407959294930038,0.15467320855291053
32402,0.0050870670185547,8563.0,20146,0.2969645020082925,0.0,0.0,-0.7561681507941708,-1.3306039298999268,0.21497919556171982,0.07628294036061026,13759,9522,1631,0.692056108728832,0.11854059161276255,12147,5968,1979,0.49131472791635794,0.16292088581542769
32403,0.0021937960301232,13513.0,26918,0.2939942336749743,0.0,0.0,-0.9000087378940756,-1.4770565109173899,0.12343966712898752,0.05825242718446602,17362,11672,1774,0.6722727796336827,0.10217716852897131,17668,9064,2286,0.5130178854426081,0.12938646139913967
32501,0.0044299204682905,101114.0,191518,0.3280714264095706,0.0,0.0,-0.7888385594695514,0.20315964121586416,0.1900138696255201,0.6130374479889042,110641,64394,19141,0.5820084778698674,0.17300096709176527,135658,58682,35021,0.43257308820710905,0.2581565407126745
32502,3.451931449660606e-05,4220.0,9592,0.3463122346168826,0.0,0.616870902400618,-1.0073583887663093,1.1025441890156322,0.015256588072122053,0.869625520110957,5584,3998,589,0.7159742120343839,0.10547994269340974,5691,3238,759,0.5689685468283254,0.13336847654190828
32503,1.3808335368459268e-05,5714.0,15157,0.2795916768972886,0.0,0.0,-1.0083880466895103,-2.1871915481065227,0.011095700416088766,0.018030513176144243,11333,8179,1164,0.721697696991088,0.10270890320303538,8438,4277,1631,0.5068736667456744,0.19329224934818678
32601,0.0219310873997107,74003.0,151524,0.3143509185895768,74.02287352999672,0.0,0.0812417532334229,-0.47334616823186015,0.6574202496532594,0.31484049930651875,87323,50344,13850,0.5765262302028102,0.15860655268371449,98396,43041,24476,0.43742631814301397,0.2487499491849262
32602,0.0133358179233078,14129.0,28556,0.3298967081439728,0.0,0.0,-0.34607688118109314,0.2931573084598217,0.43134535367545074,0.6588072122052705,18054,12014,2063,0.6654481001440125,0.11426830619253352,19887,9470,4167,0.47619047619047616,0.20953386634484839
32603,0.0023583355249403,1606.0,4093,0.2658437616667051,0.0,0.0,-0.8918285647854226,-2.8650487122365305,0.1289875173370319,0.008321775312066574,3137,2141,323,0.6824992030602487,0.10296461587503984,2556,1215,647,0.4753521126760563,0.2531298904538341
32604,0.0072724426722974,8355.0,21022,0.2992880426822601,0.0,0.0,-0.6475209766009917,-1.2160390183784606,0.2787794729542302,0.09153952843273232,14622,9744,1773,0.6663931062782109,0.1212556421830119,11929,6005,2072,0.5033950876016431,0.17369435828652863
32701,0.0399414799273145,27653.0,58246,0.316145486182472,525.7018107880756,0.0,0.9766385015603747,-0.3848628979354716,0.8737864077669902,0.3509015256588072,35477,23768,4474,0.669955182230741,0.1261098740028751,40219,18671,8334,0.4642333225589895,0.20721549516397722
32702,0.0143496447973898,29567.0,55256,0.297934086380778,0.0,0.0,-0.29567391050579067,-1.2827974296346567,0.4549237170596394,0.08321775312066575,31187,19820,4872,0.635521210760894,0.15621893737775355,41497,17553,11953,0.42299443333253006,0.2880449189098007
32801,0.0144057277885455,159030.0,281618,0.3234143115435027,0.0,0.0,-0.2928857132002462,-0.026464896264390896,0.4590846047156727,0.5090152565880721,152969,91601,22765,0.5988206760846969,0.1488210029483098,215547,87311,56855,0.40506710833368126,0.2637707785309005
32802,0.0135897034557315,54470.0,100377,0.3099688186399721,0.0,0.0,-0.33345481978898184,-0.6894107711154509,0.435506241331484,0.20804438280166435,58245,38683,6538,0.6641428448793888,0.11224997853893039,76288,37529,13751,0.4919384437919463,0.18025115352348994
32900,0.019364993467315,249427.0,330714,0.3269392924719154,0.0,0.0,-0.04633304334289171,0.1473384430543354,0.5922330097087378,0.5880721220527045,150192,78432,23347,0.522211569191435,0.15544769361883456,309958,112787,79477,0.36387833190303204,0.2564121590667123
33000,0.0187323453746196,1432180.0,1804370,0.3378781028662704,0.0,0.0,-0.07778549748382736,0.6866893823427961,0.5783633841886269,0.7766990291262136,899850,433016,195192,0.4812090904039562,0.21691615269211537,1793905,672255,595321,0.374743924566797,0.33185759558059097
33100,0.0227465661140634,2877229.0,3405666,0.3717270684576538,5224.320686612852,73544.884361977,0.12178373409486933,2.355652526184899,0.6754507628294036,0.984743411927878,1604464,715938,439052,0.44621630650485145,0.27364403314751845,3504064,1125901,1487600,0.3213129098098665,0.4245356249200928
33200,0.0166044687646144,112299.0,185835,0.3074670332479545,0.0,0.0,-0.1835740745245258,-0.8127642485446951,0.5131761442441054,0.17337031900138697,105267,68962,13725,0.6551150882992771,0.1303827410299524,153430,72163,33077,0.47033174737665384,0.21558365378348432
33300,0.0175665764539683,270238.0,434643,0.3215093741159712,0.0,0.0,-0.13574235207497326,-0.12039008134256611,0.5464632454923717,0.4798890429958391,238355,140575,32770,0.5897715592288812,0.1374840049505989,375629,162354,87406,0.4322190246226995,0.23269236400810375
33400,0.0196629938286515,159017.0,289849,0.30912932422418,0.0,0.0,-0.03151778853198166,-0.7308030327382098,0.6047156726768377,0.1941747572815534,170746,101038,23170,0.5917444625349935,0.13569864008527285,215795,93840,44551,0.4348571560972219,0.20645056650988206
33500,0.0154241185946324,118779.0,235988,0.3377694146121167,0.0,0.0,-0.24225584409002573,0.681330379868662,0.4812760055478502,0.7739251040221914,139700,90838,16203,0.6502362204724409,0.11598425196850394,163325,81775,32736,0.5006888106536048,0.2004347160569417
33601,0.0386718015338724,88521.0,171610,0.3292447233083427,1570.4495282138012,0.0,0.913515729351684,0.2610104276911045,0.8668515950069348,0.6407766990291263,100592,57416,16511,0.570780976618419,0.16413830125656115,116597,52858,26836,0.45333927974133126,0.2301602957194439
33602,0.0104528210151109,20271.0,48010,0.3411454401581088,0.0,0.0,-0.4894066866297924,0.8477892984940693,0.37309292649098474,0.8099861303744799,31539,18962,4348,0.6012238815434858,0.1378610609087162,27282,12229,5692,0.4482442636170369,0.20863573051829046
33603,0.0399676343885089,3255.0,9287,0.2763348669451439,61.96483457985902,0.0,0.9779387852422444,-2.3477724013663717,0.8751733703190014,0.012482662968099861,6643,4522,757,0.6807165437302424,0.11395453861207286,4656,2733,784,0.5869845360824743,0.16838487972508592
33700,0.0347353654655902,60844.0,117982,0.3031164490997854,839.9238343165898,0.0,0.7178136062505527,-1.0272749276930777,0.8335644937586685,0.11511789181692095,73412,49761,8514,0.6778319620770447,0.1159755898218275,83989,42852,16043,0.5102096703139697,0.19101310885949352
33801,0.0126620626381346,31423.0,60885,0.3163386618490733,0.0,0.0,-0.3795730024115194,-0.3753381440113307,0.4188626907073509,0.3578363384188627,38004,23627,5763,0.6216977160298915,0.15164193242816545,41768,21082,9365,0.5047404711741046,0.22421470982570388
33802,0.0162949449684601,42885.0,75666,0.3311527163615659,0.0,0.0,-0.19896222334924485,0.35508627399545656,0.5020804438280166,0.6879334257975035,45060,30475,5650,0.6763204616067465,0.1253883710608078,56651,28901,11669,0.5101586909321989,0.20598047695539354
33803,0.0169962743541789,770507.0,1154246,0.3457662273422307,0.0,0.0,-0.16409524027176378,1.0756226567991318,0.5312066574202496,0.8599167822468793,644765,320157,134521,0.4965483548269525,0.20863570448147775,996824,361827,333387,0.3629798239207724,0.33444921069316147
33901,0.0155958571773302,35588.0,69207,0.3334292183207527,0.0,0.0,-0.23371776429669494,0.4673318862434786,0.4868238557558946,0.7226074895977809,42616,28408,5765,0.6666040923596771,0.1352778299230336,48442,23673,11538,0.48868750258040544,0.2381817431154783
33902,0.0211126813728498,114746.0,178371,0.3199199988392722,20.867997117870217,0.0,0.04055423939166185,-0.19875610264336846,0.6338418862690708,0.44105409153952846,99294,60186,14007,0.606139343766995,0.14106592543356095,155737,67599,36869,0.43405870152885956,0.23673886102852887
34001,0.0350311853358378,103001.0,210357,0.3193427167901518,1452.3518484714646,0.0,0.7325204567261454,-0.2272196744763828,0.8377253814147018,0.42579750346740636,122862,84080,14783,0.6843450375217724,0.12032198727027071,150062,68367,32671,0.4555916887686423,0.21771667710679585
34002,0.0098545339925684,43072.0,97397,0.3288166475252259,0.0,0.0,-0.5191508609296982,0.23990364666216843,0.3606102635228849,0.636615811373093,58100,42856,5024,0.7376247848537005,0.08647160068846815,60879,33249,9301,0.5461489183462278,0.15277846219550256
34201,0.0005528541456747,11457.0,25840,0.340563270752352,0.0,0.0,-0.9815890824244217,0.8190847497817164,0.056865464632454926,0.8030513176144244,16061,8496,2745,0.5289832513542121,0.1709109021854181,15673,6577,3850,0.41963886939322403,0.24564537740062528
34202,0.0034076981011512,11940.0,24938,0.3379980831507449,0.0,0.0,-0.8396589167827402,0.692605151681007,0.16920943134535368,0.7780859916782247,14042,8188,2045,0.5831078193989461,0.14563452499643925,15973,7172,2998,0.4490077004945846,0.18769172979402743
34203,0.0038364123419916,48307.0,95101,0.3332747887281851,0.0,0.0,-0.8183451482670562,0.4597175531668004,0.18169209431345354,0.7184466019417476,58488,31336,10697,0.5357680207905895,0.18289221720694843,68307,26122,19154,0.38242054255054386,0.280410499655965
34204,0.0003039919066938,5786.0,12386,0.3109844175069062,0.0,0.0,-0.9939614079705384,-0.6393354719673946,0.044382801664355064,0.23300970873786409,8536,5110,1245,0.5986410496719775,0.14585285848172447,8843,3640,2145,0.41162501413547437,0.24256474047269028
34301,0.0028787898739513,19718.0,37247,0.3158146418371896,0.0,0.0,-0.8659538854277778,-0.40117556832222856,0.15117891816920942,0.34535367545076284,21392,11102,3766,0.518979057591623,0.17604712041884818,30029,9498,9736,0.316294248892737,0.3242199207432815
34302,0.0011396112584316,5685.0,13171,0.3072287175102736,0.0,0.0,-0.9524181240449744,-0.8245146868767965,0.08599167822468794,0.1678224687933426,8734,4998,1472,0.5722463934050835,0.16853675291962444,8766,3169,2165,0.3615103810175679,0.24697695642254164
34303,0.0194216189368621,18751.0,35804,0.3276762845782507,0.0,0.0,-0.04351787642039121,0.18367670749717332,0.5963938973647711,0.6047156726768377,20645,11619,3412,0.5627997093727295,0.16527004117219665,26654,10092,7064,0.37862984917835973,0.2650258872964658
34304,0.0006010086350638,25380.0,46306,0.3330971640657419,0.0,0.0,-0.9791950550232831,0.4509595598315312,0.059639389736477116,0.7142857142857143,25940,13996,4286,0.5395528141865844,0.16522744795682343,36766,13486,10390,0.36680628841864765,0.2825980525485503
34305,0.0023664729635615,6654.0,12895,0.3355411799601784,0.0,0.0,-0.8914240074683089,0.5714646440937557,0.130374479889043,0.7489597780859917,8638,4836,1355,0.5598518175503588,0.15686501504978004,9663,3518,2610,0.36406912966987476,0.27010245265445515
34306,0.0001697405823506,483.0,1279,0.3437077269697449,0.0,0.0,-1.000635787726074,0.9741258697263042,0.033287101248266296,0.8446601941747572,1026,675,90,0.6578947368421053,0.08771929824561403,772,299,162,0.3873056994818653,0.20984455958549222
34307,0.0009785764155402,4987.0,12102,0.3239670577665531,0.0,0.0,-0.9604240614209258,0.0007889077456166184,0.08044382801664356,0.5242718446601942,7837,4564,1076,0.5823657011611586,0.13729743524307772,7132,3164,1657,0.44363432417274257,0.2323331463825014
34308,0.0038105929086095,98452.0,152638,0.3305771508025433,0.0,0.0,-0.819628775853659,0.3267073357298176,0.18030513176144244,0.6796116504854369,86238,43356,17901,0.5027482084463926,0.20757670632435818,136529,46645,45986,0.341649026946656,0.33682221359564635
34309,0.0008520305088062,1756.0,4191,0.3103574193154456,0.0,0.0,-0.9667153620258432,-0.6702503567953612,0.07212205270457697,0.21636615811373092,2728,1746,336,0.6400293255131965,0.12316715542521994,3049,1257,814,0.4122663168251886,0.26697277795998686
34401,0.0004669711004523,4548.0,9202,0.346172047369904,0.0,0.027245667119920602,-0.9858588061026088,1.095632091574653,0.05131761442441054,0.8668515950069348,5131,2498,1057,0.48684466965503803,0.20600272851296045,6862,2204,2585,0.3211891576799767,0.3767123287671233
34402,0.0080611901178048,79705.0,93985,0.3333780033331844,0.0,0.0,-0.6083079557367275,0.4648066709179759,0.30235783633841884,0.7198335644937587,45644,19018,13084,0.41665936377179913,0.2866532293401104,104728,23556,52483,0.22492552135054616,0.5011362768314109
34403,0.0013138932412481,47983.0,70150,0.3572707949460175,0.0,532.8386563178769,-0.9437535976907212,1.642868922116253,0.09431345353675451,0.941747572815534,37674,17860,9815,0.47406699580612627,0.26052449965493446,67569,19967,27153,0.29550533528689193,0.4018558806553301
34404,0.0019285288772789,28641.0,54033,0.3261950662634246,0.0,0.0,-0.9131966429178389,0.11064349267840219,0.12066574202496533,0.5714285714285714,35635,21729,5861,0.6097656798091764,0.1644731303493756,40695,16748,10771,0.41154933038456815,0.26467625015358154
34501,0.0073317913115356,6118.0,9871,0.297406018776797,0.0,0.0,-0.6445704257726259,-1.3088344252445208,0.2801664355062413,0.07905686546463246,4986,3182,662,0.6381869233854793,0.1327717609306057,9211,4089,2215,0.4439257409618934,0.24047334708500706
34502,0.001460312503454,9921.0,18837,0.3210055338553479,0.0,0.0,-0.9364742820916494,-0.14523251923313812,0.09847434119278779,0.4646324549237171,11218,7455,1407,0.6645569620253164,0.12542342663576395,16303,7778,3089,0.4770901061154389,0.18947432987793658
34503,0.008689363605146,76956.0,111205,0.3186703287676962,0.0,0.0,-0.5770779591062574,-0.2603725584193109,0.3287101248266297,0.4133148404993065,57570,31482,9559,0.5468473163105785,0.16604134097620288,112586,37034,38973,0.32893965501927414,0.34616204501447784
34504,0.0089048267160242,87560.0,135756,0.3468095597108586,0.0,56.34512556365542,-0.5663660899135642,1.1270653889356979,0.33703190013869627,0.8737864077669902,67076,31572,16690,0.47068996362335264,0.2488222314985986,122259,33703,50560,0.27566886691368325,0.41354828683368916
34601,0.000604579626112,32036.0,46229,0.2870626401382575,0.0,0.0,-0.979017521203964,-1.8188269000196011,0.06102635228848821,0.03467406380027739,24228,12996,3679,0.5364041604754829,0.1518491002146277,41405,16896,9554,0.4080666586161092,0.23074507909672745
34602,0.0003852565695849,7466.0,15639,0.2950615215842594,0.0,0.0,-0.9899212897557325,-1.424432622614032,0.047156726768377254,0.0651872399445215,10471,5946,1484,0.5678540731544265,0.14172476363289085,10234,4231,2492,0.41342583545045924,0.24350205198358413
34603,0.0050588592142778,48276.0,78585,0.3154851255779238,0.0,0.0,-0.7575705175770306,-0.41742275586261657,0.21359223300970873,0.34257975034674065,45179,21385,8683,0.4733393833418181,0.19219106221917262,64409,22543,17552,0.3499976711329162,0.27250850036485585
34604,0.0035962990405096,1227.0,2407,0.3151716454238883,0.0,0.0,-0.830282515486983,-0.43287926433401136,0.17475728155339806,0.33703190013869627,1760,1025,229,0.5823863636363636,0.13011363636363638,2008,766,389,0.38147410358565736,0.19372509960159362
34801,0.0016875210682982,20720.0,49495,0.3302234287728094,0.0,0.0,-0.9251784810788882,0.30926665414688764,0.10957004160887657,0.665742024965326,26418,16519,4099,0.6252933605874782,0.155159361041714,32548,13114,8778,0.4029126213592233,0.26969399041415754
34802,0.0063133430388532,122403.0,218804,0.3384479006631133,0.0,0.0,-0.6952031518668166,0.7147839342961155,0.2538141470180305,0.7850208044382802,112203,51170,32440,0.4560484122527918,0.2891188292648147,189042,56855,80849,0.3007532717597148,0.4276774473397446
34803,0.0003088420903587,4315.0,10965,0.309442761595074,0.0,0.0,-0.9937202783740744,-0.7153486337400309,0.04576976421636616,0.19833564493758668,7742,5432,806,0.701627486437613,0.10410746577111857,6772,3205,1395,0.47327229769639695,0.2059952746603662
34804,0.0035245017659839,2027.0,4174,0.3073221334710445,0.0,0.0,-0.8338519571885182,-0.8199087028282646,0.17198335644937587,0.16920943134535368,2720,1931,327,0.7099264705882353,0.12022058823529412,2943,1543,541,0.5242949371389738,0.18382602786272512
34805,0.0025106286056786,22490.0,46190,0.3251556175839072,0.0,0.0,-0.8842572290093271,0.05939225041085504,0.13730929264909847,0.5464632454923717,23831,14542,4139,0.6102135873442155,0.17368133943183248,32145,11826,10102,0.367895473635091,0.31426349354487476
34901,0.0131683610974473,491907.0,755244,0.3541973795649158,0.0,3950.6639473709392,-0.35440209103594983,1.4913305543357653,0.42995839112343964,0.9251040221914009,392747,190649,94380,0.4854244590028695,0.24030737344906516,668997,224476,234831,0.3355411160289209,0.3510195112982569
34902,0.0218738260819714,8168.0,21621,0.3643933186465956,7.702483075792642,148.8802757601004,0.07839497476204293,1.994053347983397,0.6546463245492372,0.9680998613037448,10336,6465,1796,0.625483746130031,0.17376160990712075,13358,6414,2931,0.4801617008534212,0.2194190747117832
35001,0.0180194534083335,2625961.0,3303211,0.3554207242764426,0.0,24302.396181670632,-0.1132273207279711,1.5516490072066593,0.5589459084604715,0.9334257975034674,1443371,655311,306064,0.45401424858889367,0.21204804585931128,3486432,1155473,1224376,0.33141991583372343,0.3511831006599297
35002,0.0010554649606566,24593.0,42036,0.3052882954197938,0.0,0.0,-0.9566015043514287,-0.9201894850848754,0.08183079056865465,0.13592233009708737,19656,12229,2180,0.6221509971509972,0.1109076109076109,31609,14579,5009,0.4612293966908159,0.15846752507197318
35100,0.0122244039722967,582029.0,999882,0.3394231005997461,0.0,0.0,-0.4013314480238376,0.7628673165703327,0.4119278779472954,0.7961165048543689,501912,231166,110352,0.46057077734742347,0.21986324295892506,851612,271106,301189,0.3183445043047773,0.3536692766189298
35201,0.0073645084246425,121419.0,187857,0.3216051087311553,0.0,0.0,-0.6429438761765711,-0.11566977330535931,0.2815533980582524,0.4812760055478502,95330,52249,16477,0.5480855973985105,0.1728417077520193,178505,64421,58278,0.360891851768858,0.3264782499089661
35202,0.0008077877240408,9532.0,14746,0.3121704899789582,0.0,0.0,-0.9689149168414948,-0.5808547707939332,0.06796116504854369,0.2635228848821082,6093,1935,2233,0.3175775480059084,0.3664861316264566,12446,1986,7916,0.15956933954684235,0.6360276394022176
35300,0.0063804648751149,97164.0,168198,0.3174777224771992,0.0,0.0,-0.6918661521963017,-0.31917541721214865,0.2552011095700416,0.3786407766990291,74014,41346,12474,0.558624044099765,0.1685356824384576,133484,47459,39904,0.35554073896496957,0.29894219531928923
35401,0.0087820671125269,179499.0,289883,0.3059922815724966,0.0,0.0,-0.57246915233316,-0.8854786180876506,0.3314840499306519,0.14285714285714285,130691,63129,26436,0.4830401481356788,0.20227865729086164,286277,88000,95416,0.3073945863621597,0.33329956650377085
35402,0.0248605720618391,20357.0,40087,0.3184536913573181,79.99798614599523,0.0,0.22688272339679968,-0.2710541212730502,0.6962552011095701,0.40499306518723993,18892,11397,2773,0.6032712259157316,0.14678170654245185,30082,11558,8398,0.38421647496841965,0.2791702679343129
35500,0.0026170893306582,117492.0,241691,0.3316136294341486,0.0,0.0,-0.8789644744607984,0.3778121362844775,0.14147018030513175,0.6990291262135923,101316,69074,10023,0.6817679339887086,0.09892810612341585,160031,76030,26885,0.4750954502565128,0.1679987002518262
35701,0.0062239128795946,80740.0,120807,0.299807851991303,0.0,0.0,-0.6996492223053028,-1.1904092077339827,0.2524271844660194,0.09292649098474341,61212,31896,9658,0.5210742991570281,0.15777952035548584,109298,44740,27582,0.40933960365239985,0.25235594429907227
35702,0.0142819792550987,21776.0,41590,0.2887999000444418,0.0,0.0,-0.2990379408259723,-1.733169252760973,0.4535367545076283,0.03744798890429958,21923,13417,2502,0.6120056561601971,0.11412671623409205,29045,13196,5405,0.45432948872439316,0.18609054914787398
35801,0.0263029722822613,432989.0,493970,0.3468003169961903,2326.0833427491025,274.6277409453262,0.29859245793882333,1.12660966599525,0.7323162274618585,0.8723994452149791,207710,97704,41476,0.47038659669731836,0.1996822492898753,567572,179736,207620,0.3166752412028782,0.3658038099131035
35802,0.0111851232875093,33298.0,62170,0.3040377956112904,0.0,0.0,-0.45299986914966267,-0.9818468520179744,0.3869625520110957,0.1262135922330097,31796,20192,3668,0.6350484337652534,0.11536042269467858,47022,22455,7952,0.47754242694908766,0.16911233039853685
35803,0.001863754131091,8332.0,11127,0.3051907384858718,0.0,0.0,-0.9164169556912255,-0.9249996446952918,0.11373092926490985,0.13453536754507628,6256,3472,1028,0.5549872122762148,0.16432225063938619,13110,4410,4585,0.33638443935926776,0.3497330282227307
35901,0.0167874141683649,116964.0,130138,0.3164460747138957,0.0,0.0,-0.17447884134798647,-0.37004202611138726,0.5242718446601942,0.3606102635228849,39012,17628,7100,0.45186096585665947,0.18199528350251204,170472,49095,58230,0.2879945093622413,0.34158102210333663
35902,0.0075014815649459,27938.0,54045,0.332254896159854,0.0,0.0,-0.6361341798166599,0.4094305480106837,0.2926490984743412,0.7059639389736477,24776,13507,3235,0.545164675492412,0.1305699063609945,38132,14602,7885,0.3829329696842547,0.20678170565404386
35903,0.0014923505762851,5020.0,8485,0.2894495215970557,0.0,0.0,-0.934881491363093,-1.701138896446801,0.10124826629680998,0.038834951456310676,4124,2288,636,0.5548011639185257,0.1542192046556741,6978,1762,2616,0.2525078819145887,0.3748925193465176
35904,0.0052868000881272,13596.0,25012,0.3126396520676253,0.0,0.0,-0.7462383094120645,-0.5577221810443461,0.22191400832177532,0.2815533980582524,11452,6583,1500,0.5748340901152638,0.1309814879497031,19019,7057,4505,0.37105000262895,0.2368683947631316
35905,0.0001134275153162,1303.0,2509,0.3139823064818545,0.0,0.0,-1.003435423382745,-0.49152102265988185,0.019417475728155338,0.30235783633841884,1237,608,248,0.49151172190784154,0.20048504446240906,1963,473,544,0.24095771777890984,0.27712684666327053
36000,0.020334346238594,319671.0,389179,0.3635668004862864,0.0,5562.513173962671,0.001858872411007324,1.9533008959314115,0.6130374479889042,0.9653259361997226,123489,43494,31210,0.3522095085392221,0.25273506142247487,379200,84383,164943,0.22252900843881857,0.4349762658227848
36100,0.0153227946491995,1040845.0,1426729,0.3682221284274204,0.0,22956.952000103447,-0.24729322076736493,2.182837326971679,0.4798890429958391,0.9750346740638003,612841,254843,139156,0.41583869225459785,0.22706705328135682,1277782,382394,484883,0.2992638806932638,0.37947239826511875
36200,0.0339461903169427,96986.0,149590,0.3423309282861917,1262.308817152871,0.0,0.6785793218852123,0.9062411878994096,0.8210818307905686,0.8280166435506241,59100,25102,14256,0.4247377326565144,0.24121827411167512,122146,38607,43689,0.31607256889296415,0.3576785158744453
36301,0.0060727108005159,172685.0,269722,0.3331387933576286,0.0,0.0,-0.7071663183230515,0.45301214113347743,0.24549237170596394,0.7156726768377254,126679,61719,23406,0.48720782450129857,0.18476622013119776,223355,74332,67291,0.33279756441539254,0.30127375702357234
36302,0.0060847602260105,5633.0,12148,0.3304517480809739,0.0,0.0,-0.7065672743882492,0.3205242067396035,0.24826629680998613,0.6768377253814147,7265,4221,959,0.5810048176187199,0.13200275292498279,9817,4005,2554,0.4079657736579403,0.26016094529897116
36303,0.0032980509690814,20876.0,24250,0.2928291632020633,0.0,0.0,-0.845110085343792,-1.5345016837696466,0.1650485436893204,0.05547850208044383,9618,3766,2636,0.3915574963609898,0.2740694531087544,26847,5542,15408,0.20642902372704586,0.573918873617164
36401,0.0009051809184341,24657.0,38860,0.3150352075418599,0.0,0.0,-0.9640729596528727,-0.43960649491701353,0.07766990291262135,0.3342579750346741,19682,8564,4868,0.43511838227822375,0.2473325881516106,32631,9437,13185,0.2892035181269345,0.40406362048358924
36402,0.0006161737287606,27195.0,39595,0.3137763939133084,0.0,0.0,-0.9784411138993805,-0.5016737845464886,0.06241331484049931,0.29542302357836336,17749,10897,2031,0.6139500816947434,0.11442898191447405,34253,16178,5949,0.4723089948325694,0.17367821796630953
36403,0.0058719700816975,6356.0,13715,0.3234558639272336,0.0,0.0,-0.7171462555515893,-0.02441610700971194,0.23855755894590847,0.5117891816920943,7378,4148,857,0.5622119815668203,0.11615613987530496,9064,3865,1728,0.4264121800529568,0.19064430714916153
36404,0.003137528163418,47285.0,80730,0.3145989748906331,0.0,0.0,-0.8530905665022696,-0.4611154599420289,0.15950069348127602,0.3217753120665742,44019,24334,6371,0.5528067425429928,0.14473295622344898,63711,22826,15083,0.35827408139881656,0.23674090816342547
36501,0.0139077525143593,74885.0,151353,0.3357725624793234,0.0,0.0,-0.31764283276719374,0.582873231914255,0.44244105409153955,0.753120665742025,90007,50592,11469,0.5620896152521471,0.1274234226226849,110415,47301,23246,0.42839288140198345,0.21053298917719512
36502,0.0121557846832729,3540.0,7609,0.3292675858084233,0.0,0.0,-0.4047428943968275,0.262137690203975,0.4105409153952843,0.6421636615811374,4646,2866,654,0.616874730951356,0.1407662505380973,5518,2459,1008,0.445632475534614,0.182674882203697
36503,0.0058105387890989,4177.0,7422,0.3083005340693036,0.0,0.0,-0.7202003466578216,-0.7716675081601717,0.23717059639389737,0.18307905686546463,4720,2887,686,0.6116525423728814,0.14533898305084747,6263,2875,1323,0.45904518601309274,0.21124061951141626
36600,0.0059444155041247,121436.0,219295,0.3240707806700376,0.0,0.0,-0.7135445908142402,0.0059030877526995915,0.23994452149791956,0.5284327323162274,127371,67816,16319,0.5324288888365484,0.12812178596383791,173530,63883,39243,0.36813807410822336,0.22614533510055898
36700,0.0063941091319598,74037.0,139540,0.3313182473083624,0.0,0.0,-0.6911878203279908,0.3632479724267661,0.2565880721220527,0.694868238557559,84473,40068,16244,0.4743290755626058,0.19229813076367597,105492,34562,33613,0.3276267394683957,0.3186307966480871
36800,0.0180237390999771,150803.0,256995,0.3229772743014621,0.0,0.0,-0.11301425516839878,-0.048013532587794824,0.5603328710124826,0.49791955617198336,141052,76453,22419,0.5420199642684967,0.15894138331962682,227142,80935,64109,0.356318954662722,0.2822419455670902
36901,0.0031456010863553,24881.0,48644,0.3264439042677757,0.0,0.0,-0.8526892166185024,0.1229127437705222,0.1608876560332871,0.579750346740638,29434,17312,3345,0.5881633485085276,0.1136440850716858,39003,15536,8473,0.39832833371791915,0.2172396995102941
36902,0.0077677461515412,84440.0,163178,0.3090216334625518,0.0,0.0,-0.6228966868155137,-0.7361128526676999,0.29819694868238555,0.1927877947295423,103017,60792,12306,0.5901161944145141,0.11945601211450538,132364,52414,27190,0.3959838022423015,0.2054183917077151
37000,0.0081372799398267,452829.0,729182,0.2960350667556826,0.0,0.0,-0.6045251076330693,-1.3764308304888295,0.3065187239944521,0.07212205270457697,364739,210406,47309,0.5768672941473217,0.12970644762419153,583513,291944,110831,0.5003213296019112,0.18993749925023093
37100,0.0067892507468562,455009.0,661645,0.2983412684586707,0.0,0.0,-0.6715431337080501,-1.2627208373677146,0.2621359223300971,0.08599167822468794,319209,183592,42361,0.5751466907261387,0.13270615803439126,563569,286767,105790,0.5088409759940664,0.18771437037878236
37200,0.008834774444598,893305.0,1419998,0.3003540000130441,0.0,0.0,-0.5698487778090002,-1.1634807358163604,0.3356449375866852,0.0970873786407767,674810,394549,97699,0.5846816140839644,0.14478001215156858,1121626,538063,233608,0.47971694664709985,0.20827619901821107
37300,0.0074049512180418,212813.0,387577,0.3117002580863835,0.0,0.0,-0.6409332400592577,-0.6040401084860848,0.2857142857142857,0.2538141470180305,213649,110273,34239,0.516140960172994,0.1602581804735805,286619,111933,71421,0.3905288902689633,0.24918445741559353
37400,0.0112503223747947,1788032.0,2570609,0.3353770642494354,0.0,0.0,-0.4497584600210299,0.5633727255441023,0.3883495145631068,0.7461858529819695,1349095,612166,280377,0.45376048387993434,0.20782598705057834,2371485,805141,797713,0.3395092104736062,0.33637699584859276
37500,0.0557574771424999,1445321.0,2393183,0.3832561807398572,50335.70059086788,53607.13519931572,1.7629396583130796,2.9241089958004114,0.9542302357836339,0.9986130374479889,1356656,528552,410343,0.3895991319833473,0.3024665058791617,1851908,525105,929835,0.28354810282152243,0.5020956764590898
37601,0.0008702683964791,36325.0,61917,0.3034095073246871,0.0,0.0,-0.9658086552289957,-1.0128253465074954,0.07628294036061026,0.11650485436893204,30046,17510,3798,0.5827730812753777,0.12640617719496772,46407,22066,7953,0.4754886116318659,0.1713750080806775
37602,0.0001382342271076,12166.0,22799,0.306825404266692,0.0,0.0,-1.0022021438170352,-0.8444005217081092,0.026352288488210817,0.1608876560332871,10389,6466,1134,0.6223890653575898,0.10915391279237656,16150,8632,2470,0.5344891640866873,0.15294117647058825
37603,0.0015733897277444,10199.0,24379,0.3273740210661803,0.0,0.0,-0.9308525845753802,0.1687732487781215,0.10818307905686546,0.5991678224687933,16327,8249,2490,0.5052367244441722,0.1525081153916825,17276,5941,3964,0.3438874739523038,0.22945126186617273
37604,0.0098389762586699,338736.0,453825,0.3298838001639729,0.0,0.0,-0.5199243223810631,0.2925208652922112,0.3592233009708738,0.6560332871012483,223842,105881,42752,0.4730166814092083,0.19099186033005425,459423,166300,141947,0.36197578266651864,0.30896798810682097
37700,0.0192201452039547,325805.0,603188,0.318069784906841,0.0,0.0,-0.053534255854769855,-0.28998308129694556,0.5894590846047156,0.39528432732316227,347155,150964,76638,0.4348605089945413,0.22076017917068744,468638,153192,161586,0.3268877043688305,0.3447991840183681
37800,0.0140430912740602,2915345.0,4642561,0.3803582042991257,0.0,99681.90660672906,-0.3109143905540072,2.781220851752229,0.44521497919556174,0.9972260748959778,2809399,1088197,868586,0.3873415630887603,0.30917146336280465,3816066,1006902,1928353,0.2638586439542712,0.5053248554925412
37901,0.0040035105699534,1383863.0,1568418,0.3189143981510489,0.0,0.0,-0.8100377663075083,-0.24833842980595047,0.18446601941747573,0.4174757281553398,568409,316262,75617,0.5563986495639583,0.13303272819395892,1844395,765278,484778,0.414920881915208,0.2628384917547488
37902,0.0005865608055151,2180.0,5071,0.3404698874049504,0.0,0.0,-0.9799133369584748,0.814480373773796,0.05825242718446602,0.8016643550624133,4109,2627,372,0.6393283037235337,0.09053297639328303,3366,1716,445,0.5098039215686274,0.13220439691027927
37903,0.0012536288253839,17015.0,30798,0.2990581216060319,0.0,0.0,-0.9467496768667817,-1.227375548033449,0.09015256588072122,0.09015256588072122,19484,9749,3183,0.5003592691439129,0.16336481215356188,23987,7870,7622,0.32809438445824823,0.3177554508692208
38000,0.0184944877354333,1773651.0,2813833,0.3576611866812645,0.0,20388.348825552937,-0.0896107231898033,1.6621176467494718,0.5700416088765603,0.9472954230235784,1558082,636542,394090,0.4085420407911779,0.25293277247282236,2281385,655981,984641,0.2875362992217447,0.4315979109181484
38100,0.0083034211295018,180885.0,302387,0.3065738713642023,0.0,0.0,-0.5962653053677798,-0.8568026479292391,0.31622746185852985,0.1539528432732316,123934,79438,13958,0.6409701938128358,0.11262446140687786,249355,129930,41046,0.5210643460127128,0.16460869042128692
38200,0.0182370016812893,332668.0,646028,0.3212376933069891,0.0,0.0,-0.10241178653513126,-0.13378562384020024,0.5672676837725381,0.47156726768377255,370333,152232,93508,0.41106787674876394,0.2524970769550648,468716,146636,178308,0.31284615844135893,0.38041799298509116
38300,0.02237590471028,9985667.0,16393360,0.34608278881944,14430.146193338704,0.0,0.10335609487660757,1.0912310935413454,0.6685159500693482,0.8640776699029126,8983496,4360587,1973498,0.48539978200023687,0.21968040059237517,12801045,4968894,4433450,0.38816315386751626,0.3463350062436309
38401,0.0065228427942689,46818.0,88546,0.3253973351383983,0.0,0.0,-0.6847877542297577,0.07131041933026142,0.2593619972260749,0.5520110957004161,52551,29474,7235,0.5608646838309452,0.13767578162166277,70871,27828,17472,0.3926570811756572,0.24653243216548376
38402,0.0027425631476609,37027.0,75675,0.3628761414252118,0.0,618.7243079377843,-0.8727264733971238,1.9192471368946045,0.14424410540915394,0.9611650485436893,35133,11524,13838,0.32801070218882533,0.3938747046935929,48702,10836,22605,0.22249599605765677,0.464149316249846
38501,0.0082942776320436,57210.0,91126,0.2743717553711747,0.0,0.0,-0.596719879463256,-2.4445659313003714,0.31345353675450766,0.011095700416088766,40897,24570,4898,0.600777563146441,0.1197642858889405,74561,36928,13431,0.49527232735612453,0.18013438660962164
38502,0.0039089506906067,60683.0,99219,0.2908905983786874,0.0,0.0,-0.8147388636522471,-1.6300849072341401,0.18307905686546463,0.04299583911234397,50706,27617,7997,0.5446495483769179,0.15771309115292076,85632,33923,23810,0.3961486360239163,0.2780502615844544
38601,0.0168285274191914,426322.0,608317,0.3385822783493067,0.0,0.0,-0.17243487306429814,0.7214095844952653,0.5284327323162274,0.7877947295423023,317376,147439,59935,0.4645562361363178,0.18884540734018956,584410,182531,182641,0.31233380674526445,0.31252203076607177
38602,0.0031880554817725,47346.0,86890,0.2944635708071645,0.0,0.0,-0.8505785725805957,-1.4539152904405839,0.1622746185852982,0.059639389736477116,44503,26444,5363,0.5942071321034537,0.12050872974855628,71861,29896,16333,0.41602538233534186,0.22728601049247854
38700,0.0082082798115514,129615.0,220580,0.2966570690523737,0.0,0.0,-0.6009953092582426,-1.345762274140777,0.3106796116504854,0.07489597780859916,132088,76221,15951,0.5770471201017503,0.12076040215613833,189707,76694,38755,0.4042760678309182,0.20428871891917535
38801,0.0211920917239724,1344808.0,1842889,0.3575729261995845,351.36185193256324,15340.049387683692,0.044502169458688325,1.6577658596739095,0.636615811373093,0.9431345353675451,953314,401933,223843,0.4216165922245976,0.23480511143232974,1736417,461101,748512,0.2655473886744947,0.43106696144992823
38802,0.0127233498688683,38598.0,65297,0.2923381782873761,0.0,0.0,-0.37652607342155925,-1.5587102736771612,0.420249653259362,0.047156726768377254,37371,22498,5486,0.602017607235557,0.14679831955259426,54894,19942,16920,0.3632819615987175,0.30823040769483
38901,0.0156050010095606,570638.0,936387,0.3219843710434137,0.0,0.0,-0.23326317355783127,-0.09696979799004896,0.4882108183079057,0.4840499306518724,497930,237140,102377,0.4762516819633282,0.20560520555098105,789474,264901,245591,0.33554113245021366,0.31108180890060977
38902,0.0081194230578127,36917.0,68741,0.2870373011488403,0.0,0.0,-0.6054128725202637,-1.8200762687580738,0.30513176144244103,0.033287101248266296,42756,23813,6588,0.5569510711946861,0.15408363738422678,60837,20373,16911,0.33487844568272596,0.27797228660190343
39000,0.0112763003993699,142548.0,255943,0.282740974825396,0.0,0.0,-0.44846694798446884,-2.0319117019085766,0.391123439667129,0.027739251040221916,128726,76584,18924,0.5949380855460435,0.14700992806426053,187855,94297,41304,0.5019669425886988,0.21987170956322696
39100,0.0127448406797041,229708.0,332609,0.2985112442398219,0.0,0.0,-0.3754576457283931,-1.2543399811397382,0.42163661581137307,0.08737864077669903,165535,83408,30642,0.5038692723593198,0.1851088893587459,302474,121562,82006,0.4018923940570099,0.27111751753869756
39201,0.0069341878298394,19893.0,41271,0.3123623655490834,0.0,0.0,-0.6643375054788903,-0.571394119658874,0.26907073509015256,0.27323162274618584,25019,14217,3862,0.5682481314201208,0.15436268435988648,30209,11304,7888,0.37419312125525506,0.261114237478897
39202,0.0029576563972144,3488.0,7226,0.3172178222136495,0.0,0.0,-0.8620329920672695,-0.33199010603234863,0.15256588072122051,0.37447988904299584,4703,2653,739,0.5641080161598979,0.15713374441845632,5707,1760,2181,0.3083932013316979,0.3821622568775188
39203,0.0085802238563497,135665.0,153558,0.3265172444881177,0.0,0.0,-0.5825039028237888,0.12652886977536576,0.3231622746185853,0.5811373092926491,67530,35033,11389,0.5187768399229972,0.16865096993928624,191189,53610,77153,0.2804031612697383,0.4035430908681985
39204,0.0001006423143179,1520.0,3462,0.3193934795746416,0.0,0.0,-1.0040710468086664,-0.22471675555664414,0.018030513176144243,0.42718446601941745,2199,1281,330,0.582537517053206,0.15006821282401092,2737,1090,547,0.3982462550237486,0.19985385458531238
39205,0.0024073948798575,3279.0,7935,0.3005461352856785,0.0,0.0,-0.8893895514879305,-1.1540072797429939,0.1317614424410541,0.10124826629680998,5223,3289,655,0.6297147233390772,0.125406854298296,5610,2232,992,0.39786096256684494,0.1768270944741533
39301,0.0107903539124269,8684.0,14077,0.3038669211785675,0.0,0.0,-0.4726260496588373,-0.9902720173208706,0.3786407766990291,0.12482662968099861,7612,2356,2547,0.30951129795060434,0.33460325801366264,15340,3021,8272,0.1969361147327249,0.5392438070404172
39302,0.0114159768405239,114223.0,166814,0.325879964181996,0.0,0.0,-0.4415228555092221,0.09510701316523992,0.39667128987517336,0.5672676837725381,79410,37598,17447,0.47346681778113586,0.2197078453595265,157791,42747,62077,0.27090898720459344,0.3934128055465774
39303,0.0047683263996851,50928.0,90478,0.3192315205658721,0.0,0.0,-0.7720145191205767,-0.23270233537354293,0.20110957004160887,0.42302357836338417,53448,27028,9442,0.5056877712917228,0.1766576859751534,89668,25983,31827,0.2897689253691395,0.35494267743230584
39400,0.0155407306424057,2791369.0,3775744,0.3783097104685486,0.0,89724.79873787894,-0.23645841084519612,2.680217449022209,0.4840499306518724,0.9944521497919556,2050255,834345,527781,0.406946940746395,0.25742212554048155,3572879,929126,1599018,0.26004966862857654,0.447543283721615
